Time Period,JRXWTFB_N.B
01/01/2010,ND
04/01/2010,92.3566
05/01/2010,92.2236
06/01/2010,92.0941
07/01/2010,92.3684
08/01/2010,92.1485
11/01/2010,91.5997
12/01/2010,91.7005
13/01/2010,91.7272
14/01/2010,91.5864
15/01/2010,91.7668
18/01/2010,ND
19/01/2010,91.9611
20/01/2010,92.6766
21/01/2010,92.6627
22/01/2010,92.943
25/01/2010,92.9099
26/01/2010,93.3298
27/01/2010,93.2835
28/01/2010,93.2635
29/01/2010,93.7638
01/02/2010,93.7321
02/02/2010,93.4136
03/02/2010,93.6268
04/02/2010,94.1401
05/02/2010,94.6218
08/02/2010,ND
09/02/2010,ND
10/02/2010,ND
11/02/2010,ND
12/02/2010,93.9976
15/02/2010,ND
16/02/2010,93.482
17/02/2010,93.7171
18/02/2010,93.8752
19/02/2010,93.9569
22/02/2010,93.7402
23/02/2010,93.9794
24/02/2010,93.9775
25/02/2010,94.3797
26/02/2010,93.6602
01/03/2010,93.7979
02/03/2010,93.488
03/03/2010,92.9861
04/03/2010,93.4079
05/03/2010,93.2623
08/03/2010,93.2446
09/03/2010,93.1941
10/03/2010,93.0426
11/03/2010,93.0533
12/03/2010,92.6616
15/03/2010,92.9642
16/03/2010,92.595
17/03/2010,92.4446
18/03/2010,92.7451
19/03/2010,93.0407
22/03/2010,93.1333
23/03/2010,93.006
24/03/2010,93.6468
25/03/2010,93.5885
26/03/2010,93.6873
29/03/2010,93.2959
30/03/2010,93.2627
31/03/2010,92.8987
01/04/2010,92.6661
02/04/2010,92.9057
05/04/2010,92.6644
06/04/2010,92.7373
07/04/2010,92.7452
08/04/2010,92.7211
09/04/2010,92.4772
12/04/2010,92.243
13/04/2010,92.2689
14/04/2010,91.9297
15/04/2010,92.2029
16/04/2010,92.5253
19/04/2010,92.8577
20/04/2010,92.4338
21/04/2010,92.4482
22/04/2010,92.7277
23/04/2010,92.6622
26/04/2010,92.5187
27/04/2010,93.0956
28/04/2010,93.4856
29/04/2010,92.9013
30/04/2010,92.8423
03/05/2010,93.235
04/05/2010,93.8137
05/05/2010,94.3968
06/05/2010,95.3032
07/05/2010,95.2952
10/05/2010,94.3096
11/05/2010,94.4305
12/05/2010,94.5515
13/05/2010,94.5071
14/05/2010,95.3746
17/05/2010,95.9795
18/05/2010,95.6212
19/05/2010,96.5083
20/05/2010,96.9483
21/05/2010,96.2911
24/05/2010,96.6433
25/05/2010,97.5487
26/05/2010,97.1879
27/05/2010,96.3611
28/05/2010,96.3062
31/05/2010,ND
01/06/2010,96.6123
02/06/2010,96.615
03/06/2010,96.461
04/06/2010,97.1688
07/06/2010,97.503
08/06/2010,97.3425
09/06/2010,96.8938
10/06/2010,96.4877
11/06/2010,96.5616
14/06/2010,95.8082
15/06/2010,95.7049
16/06/2010,95.5668
17/06/2010,95.4973
18/06/2010,95.2981
21/06/2010,94.8505
22/06/2010,95.1165
23/06/2010,95.4853
24/06/2010,95.6194
25/06/2010,95.4582
28/06/2010,95.2696
29/06/2010,96.0199
30/06/2010,95.9934
01/07/2010,95.8018
02/07/2010,95.6345
05/07/2010,ND
06/07/2010,95.1069
07/07/2010,95.1795
08/07/2010,94.7734
09/07/2010,94.683
12/07/2010,94.9598
13/07/2010,94.3856
14/07/2010,94.3247
15/07/2010,94.1988
16/07/2010,94.5061
19/07/2010,94.602
20/07/2010,94.542
21/07/2010,94.4496
22/07/2010,94.1135
23/07/2010,94.1431
26/07/2010,93.7556
27/07/2010,93.7583
28/07/2010,93.7506
29/07/2010,93.6004
30/07/2010,93.2793
02/08/2010,92.7916
03/08/2010,92.6258
04/08/2010,92.731
05/08/2010,92.6401
06/08/2010,92.5915
09/08/2010,92.6726
10/08/2010,93.2197
11/08/2010,93.7778
12/08/2010,93.8905
13/08/2010,94.0457
16/08/2010,93.7902
17/08/2010,93.4239
18/08/2010,93.3719
19/08/2010,93.7141
20/08/2010,94.2087
23/08/2010,94.3295
24/08/2010,94.4362
25/08/2010,94.7372
26/08/2010,94.3523
27/08/2010,94.3462
30/08/2010,94.5922
31/08/2010,94.7204
01/09/2010,94.1148
02/09/2010,94.0852
03/09/2010,93.6952
06/09/2010,ND
07/09/2010,94.042
08/09/2010,93.7785
09/09/2010,93.7033
10/09/2010,93.6768
13/09/2010,93.0767
14/09/2010,92.6182
15/09/2010,92.9313
16/09/2010,92.9108
17/09/2010,92.9418
20/09/2010,92.7496
21/09/2010,92.6684
22/09/2010,92.0647
23/09/2010,92.0233
24/09/2010,91.5996
27/09/2010,91.4803
28/09/2010,91.3493
29/09/2010,91.1632
30/09/2010,91.3415
01/10/2010,90.836
04/10/2010,91.0015
05/10/2010,90.5622
06/10/2010,90.1411
07/10/2010,90.286
08/10/2010,90.1133
11/10/2010,ND
12/10/2010,90.2203
13/10/2010,89.7779
14/10/2010,89.5228
15/10/2010,89.6815
18/10/2010,89.8484
19/10/2010,90.5499
20/10/2010,90.1446
21/10/2010,90.138
22/10/2010,90.4063
25/10/2010,89.9328
26/10/2010,90.2818
27/10/2010,90.8038
28/10/2010,90.2407
29/10/2010,90.0935
01/11/2010,90.0307
02/11/2010,89.6847
03/11/2010,89.7079
04/11/2010,88.9831
05/11/2010,89.2441
08/11/2010,89.5711
09/11/2010,89.558
10/11/2010,89.9056
11/11/2010,ND
12/11/2010,90.1701
15/11/2010,90.4331
16/11/2010,91.1102
17/11/2010,90.9282
18/11/2010,90.649
19/11/2010,90.6986
22/11/2010,90.7023
23/11/2010,91.4318
24/11/2010,91.2179
25/11/2010,ND
26/11/2010,91.8152
29/11/2010,92.1997
30/11/2010,92.1494
01/12/2010,91.6799
02/12/2010,91.2651
03/12/2010,90.8788
06/12/2010,91.0167
07/12/2010,90.9732
08/12/2010,91.3376
09/12/2010,91.3923
10/12/2010,91.2831
13/12/2010,90.8837
14/12/2010,90.764
15/12/2010,91.094
16/12/2010,91.3773
17/12/2010,91.5555
20/12/2010,91.6398
21/12/2010,91.519
22/12/2010,91.429
23/12/2010,91.3013
24/12/2010,ND
27/12/2010,91.1963
28/12/2010,90.9848
29/12/2010,90.7669
30/12/2010,90.5146
31/12/2010,ND
03/01/2011,89.9524
04/01/2011,90.3277
05/01/2011,90.5715
06/01/2011,90.9125
07/01/2011,91.0001
10/01/2011,91.03
11/01/2011,90.8431
12/01/2011,90.4111
13/01/2011,89.9019
14/01/2011,90.0461
17/01/2011,ND
18/01/2011,89.821
19/01/2011,89.6948
20/01/2011,90.1316
21/01/2011,89.7204
24/01/2011,89.5375
25/01/2011,89.7279
26/01/2011,89.5091
27/01/2011,89.5728
28/01/2011,89.8189
31/01/2011,89.694
01/02/2011,89.1436
02/02/2011,89.0737
03/02/2011,89.2522
04/02/2011,89.391
07/02/2011,89.3556
08/02/2011,89.1241
09/02/2011,89.4166
10/02/2011,89.6266
11/02/2011,89.8784
14/02/2011,89.8543
15/02/2011,89.8871
16/02/2011,89.7059
17/02/2011,89.4102
18/02/2011,89.1974
21/02/2011,ND
22/02/2011,89.4617
23/02/2011,89.4186
24/02/2011,89.2346
25/02/2011,89.1664
28/02/2011,88.9391
01/03/2011,88.831
02/03/2011,88.7317
03/03/2011,88.637
04/03/2011,88.4898
07/03/2011,88.5207
08/03/2011,88.6454
09/03/2011,88.5328
10/03/2011,88.8698
11/03/2011,88.691
14/03/2011,88.5191
15/03/2011,88.7845
16/03/2011,88.9785
17/03/2011,88.6549
18/03/2011,88.5221
21/03/2011,88.2032
22/03/2011,88.0665
23/03/2011,88.3328
24/03/2011,88.0592
25/03/2011,88.1716
28/03/2011,88.3058
29/03/2011,88.3991
30/03/2011,88.2298
31/03/2011,88.0299
01/04/2011,87.7993
04/04/2011,87.8406
05/04/2011,87.7483
06/04/2011,87.4913
07/04/2011,87.532
08/04/2011,87.1493
11/04/2011,87.094
12/04/2011,87.2943
13/04/2011,87.2093
14/04/2011,87.0802
15/04/2011,87.005
18/04/2011,87.5081
19/04/2011,87.0791
20/04/2011,86.5642
21/04/2011,86.2256
22/04/2011,86.3742
25/04/2011,86.4026
26/04/2011,86.2576
27/04/2011,86.2519
28/04/2011,85.8419
29/04/2011,85.5999
02/05/2011,85.5199
03/05/2011,85.6352
04/05/2011,85.8917
05/05/2011,86.508
06/05/2011,86.4575
09/05/2011,86.8346
10/05/2011,86.6518
11/05/2011,86.7195
12/05/2011,87.0767
13/05/2011,87.4176
16/05/2011,87.3311
17/05/2011,87.6307
18/05/2011,87.295
19/05/2011,87.2638
20/05/2011,87.3044
23/05/2011,87.8941
24/05/2011,87.662
25/05/2011,87.6136
26/05/2011,87.5588
27/05/2011,86.9525
30/05/2011,ND
31/05/2011,86.656
01/06/2011,86.5964
02/06/2011,86.8435
03/06/2011,86.4234
06/06/2011,86.4669
07/06/2011,86.3627
08/06/2011,86.5714
09/06/2011,86.5913
10/06/2011,87.042
13/06/2011,87.0579
14/06/2011,86.6771
15/06/2011,87.3342
16/06/2011,87.6917
17/06/2011,87.2179
20/06/2011,87.1908
21/06/2011,86.857
22/06/2011,86.8067
23/06/2011,87.455
24/06/2011,87.5014
27/06/2011,87.5225
28/06/2011,87.2178
29/06/2011,86.8014
30/06/2011,86.4786
01/07/2011,86.3613
04/07/2011,ND
05/07/2011,86.4253
06/07/2011,86.6825
07/07/2011,86.4825
08/07/2011,86.615
11/07/2011,87.1013
12/07/2011,87.1701
13/07/2011,86.5697
14/07/2011,86.5234
15/07/2011,86.5169
18/07/2011,86.9549
19/07/2011,86.4386
20/07/2011,86.2794
21/07/2011,85.8378
22/07/2011,85.8623
25/07/2011,85.8006
26/07/2011,85.4692
27/07/2011,85.7126
28/07/2011,85.8245
29/07/2011,85.7282
01/08/2011,86.0391
02/08/2011,86.0533
03/08/2011,86.0706
04/08/2011,86.9299
05/08/2011,87.1084
08/08/2011,87.1873
09/08/2011,87.3919
10/08/2011,87.3792
11/08/2011,87.3215
12/08/2011,87.177
15/08/2011,86.7515
16/08/2011,86.7115
17/08/2011,86.5518
18/08/2011,87.1271
19/08/2011,86.8286
22/08/2011,87.0753
23/08/2011,86.9001
24/08/2011,87.1316
25/08/2011,87.2306
26/08/2011,87.0751
29/08/2011,86.8433
30/08/2011,87.001
31/08/2011,86.7739
01/09/2011,86.8512
02/09/2011,87.1797
05/09/2011,ND
06/09/2011,88.1645
07/09/2011,87.9699
08/09/2011,88.1162
09/09/2011,88.9514
12/09/2011,89.2192
13/09/2011,89.2653
14/09/2011,89.419
15/09/2011,89.0647
16/09/2011,89.1108
19/09/2011,89.9336
20/09/2011,89.8777
21/09/2011,90.3453
22/09/2011,92.075
23/09/2011,91.6904
26/09/2011,91.7724
27/09/2011,90.8985
28/09/2011,91.0227
29/09/2011,91.3033
30/09/2011,91.9998
03/10/2011,92.5128
04/10/2011,92.9508
05/10/2011,92.3008
06/10/2011,91.9661
07/10/2011,91.2469
10/10/2011,ND
11/10/2011,90.9162
12/10/2011,90.3378
13/10/2011,90.6603
14/10/2011,90.2116
17/10/2011,90.266
18/10/2011,90.5907
19/10/2011,90.3317
20/10/2011,91.1026
21/10/2011,90.279
24/10/2011,89.8558
25/10/2011,89.9525
26/10/2011,90.0836
27/10/2011,88.7882
28/10/2011,88.6382
31/10/2011,89.2053
01/11/2011,90.7296
02/11/2011,90.244
03/11/2011,90.2961
04/11/2011,90.3154
07/11/2011,90.3832
08/11/2011,90.172
09/11/2011,90.6991
10/11/2011,90.8588
11/11/2011,ND
14/11/2011,90.7215
15/11/2011,91.1081
16/11/2011,91.1237
17/11/2011,91.1822
18/11/2011,91.3676
21/11/2011,91.9978
22/11/2011,92.0193
23/11/2011,92.7463
24/11/2011,ND
25/11/2011,93.1455
28/11/2011,92.4983
29/11/2011,92.2163
30/11/2011,91.4728
01/12/2011,91.227
02/12/2011,91.3532
05/12/2011,91.1087
06/12/2011,91.2817
07/12/2011,91.2331
08/12/2011,91.668
09/12/2011,91.6122
12/12/2011,92.3375
13/12/2011,92.5456
14/12/2011,93.2176
15/12/2011,92.8858
16/12/2011,92.8252
19/12/2011,92.8685
20/12/2011,92.432
21/12/2011,92.5262
22/12/2011,92.3883
23/12/2011,92.3897
26/12/2011,ND
27/12/2011,92.4137
28/12/2011,92.8374
29/12/2011,92.7398
30/12/2011,92.4262
02/01/2012,ND
03/01/2012,91.7551
04/01/2012,92.0345
05/01/2012,92.5773
06/01/2012,92.7183
09/01/2012,92.7418
10/01/2012,92.2461
11/01/2012,92.554
12/01/2012,92.2274
13/01/2012,92.5385
16/01/2012,ND
17/01/2012,92.0142
18/01/2012,91.6943
19/01/2012,91.3316
20/01/2012,91.3661
23/01/2012,90.986
24/01/2012,91.181
25/01/2012,91.277
26/01/2012,90.3962
27/01/2012,90.2559
30/01/2012,90.4762
31/01/2012,90.5538
01/02/2012,90.0963
02/02/2012,89.8765
03/02/2012,89.8491
06/02/2012,89.7907
07/02/2012,89.5968
08/02/2012,89.6555
09/02/2012,89.6246
10/02/2012,90.1024
13/02/2012,89.8895
14/02/2012,90.1919
15/02/2012,90.1932
16/02/2012,90.3109
17/02/2012,90.23
20/02/2012,ND
21/02/2012,90.0117
22/02/2012,90.2472
23/02/2012,90.1108
24/02/2012,89.9104
27/02/2012,89.9635
28/02/2012,89.8103
29/02/2012,89.7487
01/03/2012,89.7817
02/03/2012,90.135
05/03/2012,90.2748
06/03/2012,90.8237
07/03/2012,90.6837
08/03/2012,90.2598
09/03/2012,90.4341
12/03/2012,90.6643
13/03/2012,90.5363
14/03/2012,90.9325
15/03/2012,90.7866
16/03/2012,90.5245
19/03/2012,90.292
20/03/2012,90.6065
21/03/2012,90.6761
22/03/2012,90.8225
23/03/2012,90.6156
26/03/2012,90.3266
27/03/2012,90.2796
28/03/2012,90.603
29/03/2012,90.7285
30/03/2012,90.4593
02/04/2012,90.247
03/04/2012,90.1921
04/04/2012,90.8284
05/04/2012,90.8781
06/04/2012,90.9375
09/04/2012,90.9624
10/04/2012,91.2728
11/04/2012,91.1768
12/04/2012,90.7694
13/04/2012,91.0558
16/04/2012,91.2355
17/04/2012,90.7661
18/04/2012,90.9326
19/04/2012,91.0833
20/04/2012,90.8066
23/04/2012,91.079
24/04/2012,90.8153
25/04/2012,90.756
26/04/2012,90.6428
27/04/2012,90.3269
30/04/2012,90.3634
01/05/2012,90.3227
02/05/2012,90.6144
03/05/2012,90.6839
04/05/2012,91.0497
07/05/2012,91.0747
08/05/2012,91.4107
09/05/2012,91.7632
10/05/2012,91.7077
11/05/2012,91.7306
14/05/2012,92.2491
15/05/2012,92.5235
16/05/2012,92.903
17/05/2012,92.9632
18/05/2012,93.1395
21/05/2012,93.0945
22/05/2012,93.1113
23/05/2012,93.8855
24/05/2012,93.8027
25/05/2012,93.9488
28/05/2012,ND
29/05/2012,93.875
30/05/2012,94.302
31/05/2012,94.6856
01/06/2012,94.6979
04/06/2012,94.5184
05/06/2012,94.6184
06/06/2012,94.0362
07/06/2012,93.774
08/06/2012,94.2024
11/06/2012,94.0369
12/06/2012,94.0693
13/06/2012,93.8309
14/06/2012,93.8152
15/06/2012,93.5203
18/06/2012,93.6431
19/06/2012,93.0524
20/06/2012,93.1602
21/06/2012,93.6378
22/06/2012,93.9205
25/06/2012,94.1757
26/06/2012,93.9859
27/06/2012,93.8728
28/06/2012,94.0203
29/06/2012,92.9096
02/07/2012,92.951
03/07/2012,92.6508
04/07/2012,ND
05/07/2012,93.2211
06/07/2012,93.7087
09/07/2012,93.6974
10/07/2012,93.5552
11/07/2012,93.5981
12/07/2012,93.9298
13/07/2012,93.5515
16/07/2012,93.3746
17/07/2012,93.3479
18/07/2012,93.0973
19/07/2012,93.0438
20/07/2012,93.3653
23/07/2012,93.9297
24/07/2012,94.2635
25/07/2012,94.0564
26/07/2012,93.3595
27/07/2012,92.9333
30/07/2012,93.0524
31/07/2012,92.8422
01/08/2012,92.8905
02/08/2012,93.4269
03/08/2012,92.6048
06/08/2012,92.4339
07/08/2012,92.5128
08/08/2012,92.5407
09/08/2012,92.6057
10/08/2012,92.5129
13/08/2012,92.5955
14/08/2012,92.6152
15/08/2012,92.6838
16/08/2012,92.5737
17/08/2012,92.711
20/08/2012,92.6263
21/08/2012,92.3053
22/08/2012,92.4362
23/08/2012,92.1057
24/08/2012,92.2785
27/08/2012,92.3135
28/08/2012,92.2033
29/08/2012,92.3823
30/08/2012,92.6239
31/08/2012,92.1677
03/09/2012,ND
04/09/2012,92.1582
05/09/2012,92.1262
06/09/2012,91.8973
07/09/2012,91.3469
10/09/2012,91.3102
11/09/2012,91.0575
12/09/2012,91.0477
13/09/2012,90.9632
14/09/2012,90.1436
17/09/2012,90.2837
18/09/2012,90.5029
19/09/2012,90.4646
20/09/2012,90.7631
21/09/2012,90.5342
24/09/2012,90.8263
25/09/2012,90.6074
26/09/2012,91.0028
27/09/2012,90.7538
28/09/2012,90.8342
01/10/2012,90.7011
02/10/2012,90.644
03/10/2012,90.8726
04/10/2012,90.4932
05/10/2012,90.2851
08/10/2012,ND
09/10/2012,90.8703
10/10/2012,90.883
11/10/2012,90.7437
12/10/2012,90.6833
15/10/2012,90.6409
16/10/2012,90.5583
17/10/2012,90.2309
18/10/2012,90.3804
19/10/2012,90.8107
22/10/2012,90.7911
23/10/2012,91.0945
24/10/2012,91.1275
25/10/2012,91.02
26/10/2012,91.1411
29/10/2012,ND
30/10/2012,ND
31/10/2012,91.1609
01/11/2012,91.1217
02/11/2012,91.281
05/11/2012,91.4778
06/11/2012,91.2908
07/11/2012,91.4514
08/11/2012,91.5375
09/11/2012,91.6871
12/11/2012,ND
13/11/2012,91.7356
14/11/2012,91.7942
15/11/2012,91.8837
16/11/2012,92.0095
19/11/2012,91.5653
20/11/2012,91.556
21/11/2012,91.6645
22/11/2012,ND
23/11/2012,91.2616
26/11/2012,91.2789
27/11/2012,91.2608
28/11/2012,91.33
29/11/2012,91.2104
30/11/2012,91.1038
03/12/2012,91.0084
04/12/2012,90.9748
05/12/2012,90.9423
06/12/2012,91.0629
07/12/2012,91.0437
10/12/2012,90.9631
11/12/2012,90.8403
12/12/2012,90.7708
13/12/2012,90.776
14/12/2012,90.7156
17/12/2012,90.6193
18/12/2012,90.5161
19/12/2012,90.4896
20/12/2012,90.6002
21/12/2012,90.9597
24/12/2012,91.0354
25/12/2012,ND
26/12/2012,91.0606
27/12/2012,91.1037
28/12/2012,91.0419
31/12/2012,91.0834
01/01/2013,ND
02/01/2013,90.6941
03/01/2013,90.8097
04/01/2013,91.1025
07/01/2013,90.9852
08/01/2013,91.057
09/01/2013,91.0088
10/01/2013,90.6425
11/01/2013,90.5352
14/01/2013,90.4935
15/01/2013,90.5191
16/01/2013,90.596
17/01/2013,90.5401
18/01/2013,90.8697
21/01/2013,ND
22/01/2013,90.7892
23/01/2013,90.8376
24/01/2013,90.9112
25/01/2013,91.0868
28/01/2013,91.2354
29/01/2013,90.9406
30/01/2013,90.8836
31/01/2013,90.798
01/02/2013,90.6923
04/02/2013,90.9774
05/02/2013,90.881
06/02/2013,91.0176
07/02/2013,91.2912
08/02/2013,91.3056
11/02/2013,91.4451
12/02/2013,91.2779
13/02/2013,91.2709
14/02/2013,91.366
15/02/2013,91.4551
18/02/2013,ND
19/02/2013,91.5073
20/02/2013,91.6689
21/02/2013,92.0394
22/02/2013,92.1197
25/02/2013,92.1975
26/02/2013,92.4247
27/02/2013,92.234
28/02/2013,92.295
01/03/2013,92.6177
04/03/2013,92.6316
05/03/2013,92.4965
06/03/2013,ND
07/03/2013,92.5462
08/03/2013,92.6252
11/03/2013,92.5351
12/03/2013,92.3853
13/03/2013,92.4709
14/03/2013,92.4695
15/03/2013,92.128
18/03/2013,92.3377
19/03/2013,92.526
20/03/2013,92.4141
21/03/2013,92.3322
22/03/2013,92.2051
25/03/2013,92.3081
26/03/2013,92.232
27/03/2013,92.446
28/03/2013,92.2544
29/03/2013,92.302
01/04/2013,92.1687
02/04/2013,92.1432
03/04/2013,92.104
04/04/2013,92.3896
05/04/2013,92.1043
08/04/2013,92.2317
09/04/2013,91.9669
10/04/2013,91.9598
11/04/2013,91.6972
12/04/2013,91.7967
15/04/2013,91.9457
16/04/2013,91.8451
17/04/2013,92.1372
18/04/2013,92.176
19/04/2013,92.2166
22/04/2013,92.3591
23/04/2013,92.3836
24/04/2013,92.4581
25/04/2013,92.0394
26/04/2013,91.9012
29/04/2013,91.6539
30/04/2013,91.3741
01/05/2013,91.4331
02/05/2013,91.6174
03/05/2013,91.5087
06/05/2013,91.6387
07/05/2013,91.5201
08/05/2013,91.1848
09/05/2013,91.3036
10/05/2013,92.2527
13/05/2013,92.2711
14/05/2013,92.3697
15/05/2013,92.7691
16/05/2013,92.6602
17/05/2013,93.1617
20/05/2013,93.0359
21/05/2013,92.9662
22/05/2013,93.3104
23/05/2013,93.2113
24/05/2013,93.2768
27/05/2013,ND
28/05/2013,93.5853
29/05/2013,93.531
30/05/2013,93.4219
31/05/2013,93.6076
03/06/2013,93.163
04/06/2013,93.3067
05/06/2013,93.275
06/06/2013,92.809
07/06/2013,92.6056
10/06/2013,92.973
11/06/2013,92.7996
12/06/2013,92.4775
13/06/2013,92.3449
14/06/2013,92.1886
17/06/2013,92.3332
18/06/2013,92.5432
19/06/2013,92.4755
20/06/2013,94.125
21/06/2013,94.4243
24/06/2013,94.5714
25/06/2013,94.3285
26/06/2013,94.3807
27/06/2013,94.2429
28/06/2013,94.3047
01/07/2013,94.0998
02/07/2013,94.4051
03/07/2013,94.4767
04/07/2013,ND
05/07/2013,95.0639
08/07/2013,94.9954
09/07/2013,94.9467
10/07/2013,94.7595
11/07/2013,93.949
12/07/2013,94.0029
15/07/2013,93.9729
16/07/2013,93.5232
17/07/2013,93.5498
18/07/2013,93.681
19/07/2013,93.4759
22/07/2013,93.2253
23/07/2013,93.1631
24/07/2013,93.3124
25/07/2013,93.2862
26/07/2013,93.1695
29/07/2013,93.1663
30/07/2013,93.3976
31/07/2013,93.5703
01/08/2013,93.7972
02/08/2013,93.5789
05/08/2013,93.507
06/08/2013,93.3199
07/08/2013,93.2652
08/08/2013,92.8483
09/08/2013,92.8394
12/08/2013,92.9178
13/08/2013,93.476
14/08/2013,93.382
15/08/2013,93.5059
16/08/2013,93.4255
19/08/2013,93.6623
20/08/2013,93.5536
21/08/2013,94.0362
22/08/2013,94.2804
23/08/2013,93.9466
26/08/2013,94.1853
27/08/2013,94.3934
28/08/2013,94.4127
29/08/2013,94.6398
30/08/2013,94.7541
02/09/2013,ND
03/09/2013,94.9574
04/09/2013,94.5739
05/09/2013,94.8891
06/09/2013,94.2487
09/09/2013,94.0009
10/09/2013,93.938
11/09/2013,93.7112
12/09/2013,93.5903
13/09/2013,93.6666
16/09/2013,93.2875
17/09/2013,93.2231
18/09/2013,93.2569
19/09/2013,92.4082
20/09/2013,92.6049
23/09/2013,92.613
24/09/2013,92.7691
25/09/2013,92.7675
26/09/2013,93.0096
27/09/2013,92.9747
30/09/2013,92.9207
01/10/2013,92.9515
02/10/2013,92.772
03/10/2013,92.7461
04/10/2013,92.6469
07/10/2013,92.6725
08/10/2013,92.7558
09/10/2013,93.0829
10/10/2013,92.8579
11/10/2013,92.854
14/10/2013,ND
15/10/2013,92.7642
16/10/2013,92.6819
17/10/2013,92.0246
18/10/2013,91.9989
21/10/2013,92.2498
22/10/2013,91.9563
23/10/2013,92.0947
24/10/2013,92.1867
25/10/2013,92.1623
28/10/2013,92.1872
29/10/2013,92.301
30/10/2013,92.3057
31/10/2013,92.731
01/11/2013,93.155
04/11/2013,92.9359
05/11/2013,93.2112
06/11/2013,93.0943
07/11/2013,93.4003
08/11/2013,93.6619
11/11/2013,ND
12/11/2013,93.7651
13/11/2013,93.4848
14/11/2013,93.4328
15/11/2013,93.2854
18/11/2013,92.9824
19/11/2013,93.0649
20/11/2013,93.2501
21/11/2013,93.5638
22/11/2013,93.4198
25/11/2013,93.5539
26/11/2013,93.5226
27/11/2013,93.6864
28/11/2013,ND
29/11/2013,93.6291
02/12/2013,93.8856
03/12/2013,93.8251
04/12/2013,93.8997
05/12/2013,93.4954
06/12/2013,93.4045
09/12/2013,93.1444
10/12/2013,ND
11/12/2013,93.0842
12/12/2013,93.4292
13/12/2013,93.3568
16/12/2013,93.2175
17/12/2013,93.302
18/12/2013,93.4207
19/12/2013,93.7368
20/12/2013,93.7211
23/12/2013,93.572
24/12/2013,93.6734
25/12/2013,ND
26/12/2013,93.766
27/12/2013,93.7018
30/12/2013,93.4866
31/12/2013,93.5576
01/01/2014,ND
02/01/2014,93.8192
03/01/2014,93.853
06/01/2014,93.9109
07/01/2014,94.0398
08/01/2014,94.2181
09/01/2014,94.3299
10/01/2014,94.0045
13/01/2014,93.899
14/01/2014,94.0303
15/01/2014,94.341
16/01/2014,94.5507
17/01/2014,94.5846
20/01/2014,ND
21/01/2014,94.679
22/01/2014,94.8479
23/01/2014,94.8415
24/01/2014,94.8555
27/01/2014,94.9059
28/01/2014,94.88
29/01/2014,94.8621
30/01/2014,95.1294
31/01/2014,95.1774
03/02/2014,95.2469
04/02/2014,95.0438
05/02/2014,95.0285
06/02/2014,94.7177
07/02/2014,94.7457
10/02/2014,94.7189
11/02/2014,94.6377
12/02/2014,94.6209
13/02/2014,ND
14/02/2014,94.2711
17/02/2014,ND
18/02/2014,94.1934
19/02/2014,94.38
20/02/2014,94.6571
21/02/2014,ND
24/02/2014,94.4042
25/02/2014,94.4735
26/02/2014,94.7754
27/02/2014,94.6722
28/02/2014,94.3879
03/03/2014,ND
04/03/2014,94.6568
05/03/2014,94.4679
06/03/2014,93.9858
07/03/2014,94.2532
10/03/2014,94.3731
11/03/2014,94.387
12/03/2014,94.462
13/03/2014,94.1872
14/03/2014,94.243
17/03/2014,ND
18/03/2014,94.2631
19/03/2014,94.3752
20/03/2014,94.9986
21/03/2014,94.8547
24/03/2014,94.759
25/03/2014,94.6379
26/03/2014,94.5281
27/03/2014,94.3315
28/03/2014,94.3683
31/03/2014,94.2432
01/04/2014,94.1244
02/04/2014,94.3103
03/04/2014,94.512
04/04/2014,94.2191
07/04/2014,94.0881
08/04/2014,93.6579
09/04/2014,93.6716
10/04/2014,93.5123
11/04/2014,93.6395
14/04/2014,93.8046
15/04/2014,93.9486
16/04/2014,93.9461
17/04/2014,93.8936
18/04/2014,93.9629
21/04/2014,94.0337
22/04/2014,94.0802
23/04/2014,94.149
24/04/2014,94.1294
25/04/2014,94.1623
28/04/2014,94.1374
29/04/2014,94.0295
30/04/2014,93.8896
01/05/2014,93.8707
02/05/2014,93.8182
05/05/2014,93.7334
06/05/2014,93.4324
07/05/2014,93.4337
08/05/2014,93.3686
09/05/2014,93.6614
12/05/2014,93.6537
13/05/2014,93.6755
14/05/2014,93.5968
15/05/2014,93.7065
16/05/2014,93.6073
19/05/2014,93.502
20/05/2014,93.6699
21/05/2014,93.7629
22/05/2014,93.6944
23/05/2014,93.7042
26/05/2014,ND
27/05/2014,93.8418
28/05/2014,93.8793
29/05/2014,93.6973
30/05/2014,93.7606
02/06/2014,94.0006
03/06/2014,94.0536
04/06/2014,94.1239
05/06/2014,93.9732
06/06/2014,93.9069
09/06/2014,93.9628
10/06/2014,94.0638
11/06/2014,93.9744
12/06/2014,93.8155
13/06/2014,93.9168
16/06/2014,93.8639
17/06/2014,94.0829
18/06/2014,94.0525
19/06/2014,93.752
20/06/2014,93.7591
23/06/2014,93.628
24/06/2014,93.7093
25/06/2014,93.5851
26/06/2014,93.5471
27/06/2014,93.3983
30/06/2014,93.2058
01/07/2014,93.1365
02/07/2014,93.2478
03/07/2014,93.3149
04/07/2014,ND
07/07/2014,93.3803
08/07/2014,93.323
09/07/2014,93.228
10/07/2014,93.3152
11/07/2014,93.4171
14/07/2014,93.4101
15/07/2014,93.5796
16/07/2014,93.5991
17/07/2014,93.6586
18/07/2014,93.6608
21/07/2014,93.6069
22/07/2014,93.6306
23/07/2014,93.5951
24/07/2014,93.6836
25/07/2014,93.8294
28/07/2014,93.83
29/07/2014,94.0443
30/07/2014,94.3473
31/07/2014,94.4467
01/08/2014,94.4754
04/08/2014,94.448
05/08/2014,94.6754
06/08/2014,94.6092
07/08/2014,94.6364
08/08/2014,94.6027
11/08/2014,94.4767
12/08/2014,94.5211
13/08/2014,94.4681
14/08/2014,94.3508
15/08/2014,94.2941
18/08/2014,94.2519
19/08/2014,94.4356
20/08/2014,94.5937
21/08/2014,94.673
22/08/2014,94.8012
25/08/2014,94.9159
26/08/2014,94.8617
27/08/2014,94.6863
28/08/2014,94.6947
29/08/2014,94.7251
01/09/2014,ND
02/09/2014,95.063
03/09/2014,94.8709
04/09/2014,95.2641
05/09/2014,95.2203
08/09/2014,95.4167
09/09/2014,95.8811
10/09/2014,95.8641
11/09/2014,95.9184
12/09/2014,96.0748
15/09/2014,96.1195
16/09/2014,95.8483
17/09/2014,95.9106
18/09/2014,96.1284
19/09/2014,96.3417
22/09/2014,96.4625
23/09/2014,96.5112
24/09/2014,96.6574
25/09/2014,96.8988
26/09/2014,97.208
29/09/2014,97.3523
30/09/2014,97.5261
01/10/2014,97.5387
02/10/2014,97.3062
03/10/2014,97.9846
06/10/2014,97.5513
07/10/2014,97.4459
08/10/2014,97.4945
09/10/2014,97.1711
10/10/2014,97.4144
13/10/2014,ND
14/10/2014,97.3943
15/10/2014,97.3532
16/10/2014,97.2869
17/10/2014,97.3067
20/10/2014,97.2874
21/10/2014,97.2488
22/10/2014,97.459
23/10/2014,97.6047
24/10/2014,97.4772
27/10/2014,97.5423
28/10/2014,97.2173
29/10/2014,97.0145
30/10/2014,97.456
31/10/2014,98.1163
03/11/2014,98.5336
04/11/2014,98.5576
05/11/2014,98.8086
06/11/2014,99.1325
07/11/2014,99.0236
10/11/2014,98.9305
11/11/2014,ND
12/11/2014,98.8897
13/11/2014,99.1045
14/11/2014,99.0917
17/11/2014,99.2188
18/11/2014,99.0185
19/11/2014,99.2424
20/11/2014,99.2554
21/11/2014,99.2894
24/11/2014,99.4227
25/11/2014,99.2837
26/11/2014,99.1893
27/11/2014,ND
28/11/2014,100.0719
01/12/2014,99.8964
02/12/2014,100.4478
03/12/2014,100.5696
04/12/2014,100.3931
05/12/2014,101.0989
08/12/2014,101.31
09/12/2014,100.8095
10/12/2014,101.0212
11/12/2014,101.4448
12/12/2014,101.3735
15/12/2014,101.674
16/12/2014,101.526
17/12/2014,101.5527
18/12/2014,101.7531
19/12/2014,102.0483
22/12/2014,101.9942
23/12/2014,102.348
24/12/2014,102.3028
25/12/2014,ND
26/12/2014,ND
29/12/2014,102.3767
30/12/2014,102.1019
31/12/2014,102.2843
01/01/2015,ND
02/01/2015,102.9027
05/01/2015,103.4976
06/01/2015,103.2938
07/01/2015,103.6316
08/01/2015,103.2799
09/01/2015,103.1213
12/01/2015,103.2372
13/01/2015,103.27
14/01/2015,103.0903
15/01/2015,103.0829
16/01/2015,103.2189
19/01/2015,ND
20/01/2015,103.5233
21/01/2015,103.7858
22/01/2015,103.9271
23/01/2015,104.3676
26/01/2015,104.4818
27/01/2015,104.1646
28/01/2015,104.4737
29/01/2015,105.2763
30/01/2015,105.5884
02/02/2015,105.2058
03/02/2015,104.6063
04/02/2015,104.785
05/02/2015,104.4915
06/02/2015,105.1283
09/02/2015,104.9889
10/02/2015,105.2897
11/02/2015,105.7901
12/02/2015,104.9385
13/02/2015,104.8452
16/02/2015,ND
17/02/2015,ND
18/02/2015,105.2514
19/02/2015,105.1407
20/02/2015,105.3387
23/02/2015,105.5359
24/02/2015,105.5472
25/02/2015,105.0503
26/02/2015,105.5021
27/02/2015,105.5981
02/03/2015,105.8151
03/03/2015,105.5562
04/03/2015,106.1333
05/03/2015,ND
06/03/2015,107.4337
09/03/2015,107.5199
10/03/2015,108.1165
11/03/2015,108.5235
12/03/2015,108.1741
13/03/2015,108.9174
16/03/2015,108.6422
17/03/2015,108.5805
18/03/2015,108.408
19/03/2015,108.1826
20/03/2015,107.1671
23/03/2015,106.5022
24/03/2015,106.4401
25/03/2015,106.2636
26/03/2015,106.5582
27/03/2015,106.8916
30/03/2015,107.3941
31/03/2015,107.4396
01/04/2015,107.06
02/04/2015,106.6738
03/04/2015,105.8861
06/04/2015,105.7876
07/04/2015,106.4488
08/04/2015,106.4231
09/04/2015,107.0335
10/04/2015,107.4526
13/04/2015,107.7508
14/04/2015,107.0547
15/04/2015,107.1855
16/04/2015,106.2761
17/04/2015,106.329
20/04/2015,106.4902
21/04/2015,106.5582
22/04/2015,106.5815
23/04/2015,106.1658
24/04/2015,105.905
27/04/2015,105.6891
28/04/2015,105.1234
29/04/2015,104.5634
30/04/2015,105.312
01/05/2015,105.6382
04/05/2015,105.6679
05/05/2015,105.2396
06/05/2015,104.6935
07/05/2015,105.1941
08/05/2015,104.8424
11/05/2015,105.3075
12/05/2015,104.8924
13/05/2015,104.3608
14/05/2015,104.2359
15/05/2015,104.0202
18/05/2015,104.6068
19/05/2015,105.3448
20/05/2015,105.5605
21/05/2015,105.3808
22/05/2015,105.8487
25/05/2015,ND
26/05/2015,106.7294
27/05/2015,106.908
28/05/2015,106.92
29/05/2015,106.7388
01/06/2015,107.2238
02/06/2015,106.4507
03/06/2015,106.1443
04/06/2015,106.4725
05/06/2015,107.1336
08/06/2015,106.7693
09/06/2015,106.2238
10/06/2015,105.8037
11/06/2015,106.0934
12/06/2015,105.9015
15/06/2015,105.9989
16/06/2015,106.0473
17/06/2015,106.058
18/06/2015,105.102
19/06/2015,105.4496
22/06/2015,105.3846
23/06/2015,105.9678
24/06/2015,106.2522
25/06/2015,106.1515
26/06/2015,106.4116
29/06/2015,106.3785
30/06/2015,106.5191
01/07/2015,107.0101
02/07/2015,106.9106
03/07/2015,ND
06/07/2015,107.1343
07/07/2015,107.785
08/07/2015,107.4734
09/07/2015,107.5595
10/07/2015,107.213
13/07/2015,107.5849
14/07/2015,107.4843
15/07/2015,108.0149
16/07/2015,108.1726
17/07/2015,108.5374
20/07/2015,108.6944
21/07/2015,108.3893
22/07/2015,108.7817
23/07/2015,108.7565
24/07/2015,109.0174
27/07/2015,108.6924
28/07/2015,108.6881
29/07/2015,108.604
30/07/2015,109.4328
31/07/2015,108.7819
03/08/2015,109.214
04/08/2015,109.2244
05/08/2015,109.842
06/08/2015,109.722
07/08/2015,109.4376
10/08/2015,109.1931
11/08/2015,109.9464
12/08/2015,109.4655
13/08/2015,109.9025
14/08/2015,109.9174
17/08/2015,110.1435
18/08/2015,110.2504
19/08/2015,110.4333
20/08/2015,110.1077
21/08/2015,110.1443
24/08/2015,109.9306
25/08/2015,110.3394
26/08/2015,110.5807
27/08/2015,110.4834
28/08/2015,110.6714
31/08/2015,110.5621
01/09/2015,110.4506
02/09/2015,110.7979
03/09/2015,110.8566
04/09/2015,111.1018
07/09/2015,ND
08/09/2015,110.7942
09/09/2015,110.9225
10/09/2015,110.6331
11/09/2015,110.6109
14/09/2015,110.5005
15/09/2015,110.6394
16/09/2015,110.1021
17/09/2015,110.1212
18/09/2015,109.8165
21/09/2015,110.6414
22/09/2015,111.1967
23/09/2015,111.6287
24/09/2015,111.4454
25/09/2015,111.3725
28/09/2015,111.3914
29/09/2015,111.5219
30/09/2015,111.3311
01/10/2015,111.0439
02/10/2015,110.7006
05/10/2015,110.4445
06/10/2015,110.1371
07/10/2015,109.8162
08/10/2015,109.6452
09/10/2015,109.0782
12/10/2015,ND
13/10/2015,109.4119
14/10/2015,109.1244
15/10/2015,108.6671
16/10/2015,108.9956
19/10/2015,109.3858
20/10/2015,109.3368
21/10/2015,109.7746
22/10/2015,110.0342
23/10/2015,110.4329
26/10/2015,110.2089
27/10/2015,110.4875
28/10/2015,110.2334
29/10/2015,110.8083
30/10/2015,110.2079
02/11/2015,110.2188
03/11/2015,110.244
04/11/2015,110.7139
05/11/2015,110.8302
06/11/2015,111.7603
09/11/2015,111.9112
10/11/2015,111.9919
11/11/2015,ND
12/11/2015,111.7965
13/11/2015,112.0264
16/11/2015,112.2199
17/11/2015,112.3141
18/11/2015,112.3663
19/11/2015,111.5749
20/11/2015,111.7799
23/11/2015,112.1125
24/11/2015,111.7638
25/11/2015,111.8936
26/11/2015,ND
27/11/2015,112.2824
30/11/2015,112.34
01/12/2015,112.1134
02/12/2015,112.3715
03/12/2015,111.6407
04/12/2015,111.5463
07/12/2015,112.3056
08/12/2015,112.5485
09/12/2015,112.1918
10/12/2015,112.2672
11/12/2015,112.7147
14/12/2015,112.7521
15/12/2015,112.8609
16/12/2015,112.9864
17/12/2015,113.8177
18/12/2015,113.2837
21/12/2015,113.4144
22/12/2015,113.211
23/12/2015,113.1847
24/12/2015,113.0496
25/12/2015,ND
28/12/2015,113.0461
29/12/2015,113.1664
30/12/2015,113.4707
31/12/2015,113.3429
01/01/2016,ND
04/01/2016,114.1595
05/01/2016,114.2649
06/01/2016,114.6177
07/01/2016,114.6516
08/01/2016,115.0095
11/01/2016,115.0139
12/01/2016,115.3128
13/01/2016,115.1425
14/01/2016,115.3846
15/01/2016,115.7404
18/01/2016,ND
19/01/2016,115.8155
20/01/2016,116.3498
21/01/2016,115.9833
22/01/2016,ND
25/01/2016,ND
26/01/2016,ND
27/01/2016,115.5087
28/01/2016,115.2224
29/01/2016,115.5731
01/02/2016,115.3331
02/02/2016,115.553
03/02/2016,114.6144
04/02/2016,113.6012
05/02/2016,114.2935
08/02/2016,114.4351
09/02/2016,114.127
10/02/2016,114.2877
11/02/2016,114.1845
12/02/2016,114.2992
15/02/2016,ND
16/02/2016,114.4905
17/02/2016,113.8634
18/02/2016,113.8897
19/02/2016,113.9558
22/02/2016,113.8232
23/02/2016,114.177
24/02/2016,114.1716
25/02/2016,113.9222
26/02/2016,114.3708
29/02/2016,114.2418
01/03/2016,113.9265
02/03/2016,113.7965
03/03/2016,113.2482
04/03/2016,112.6387
07/03/2016,112.6219
08/03/2016,112.8465
09/03/2016,112.4268
10/03/2016,112.4191
11/03/2016,111.741
14/03/2016,112.1688
15/03/2016,112.5545
16/03/2016,112.7759
17/03/2016,110.445
18/03/2016,110.4002
21/03/2016,110.737
22/03/2016,110.7877
23/03/2016,111.5473
24/03/2016,111.816
25/03/2016,111.7698
28/03/2016,111.3578
29/03/2016,111.3736
30/03/2016,110.2301
31/03/2016,109.9191
01/04/2016,110.2977
04/04/2016,110.3987
05/04/2016,110.9478
06/04/2016,110.5347
07/04/2016,110.8876
08/04/2016,110.4213
11/04/2016,109.9758
12/04/2016,109.816
13/04/2016,110.1436
14/04/2016,110.1691
15/04/2016,110.1933
18/04/2016,109.9892
19/04/2016,109.2782
20/04/2016,109.3926
21/04/2016,109.8533
22/04/2016,110.2331
25/04/2016,110.1865
26/04/2016,109.7496
27/04/2016,109.8483
28/04/2016,109.2148
29/04/2016,108.8274
02/05/2016,108.671
03/05/2016,109.3613
04/05/2016,109.9952
05/05/2016,110.2417
06/05/2016,110.3801
09/05/2016,110.9466
10/05/2016,110.8225
11/05/2016,110.2806
12/05/2016,110.6935
13/05/2016,111.2521
16/05/2016,111.1217
17/05/2016,111.0867
18/05/2016,111.4995
19/05/2016,112.2331
20/05/2016,112.1822
23/05/2016,112.284
24/05/2016,112.2912
25/05/2016,112.2001
26/05/2016,111.8979
27/05/2016,112.0822
30/05/2016,ND
31/05/2016,112.4276
01/06/2016,112.462
02/06/2016,112.4564
03/06/2016,111.4451
06/06/2016,111.2295
07/06/2016,110.8378
08/06/2016,110.1916
09/06/2016,110.6168
10/06/2016,111.1027
13/06/2016,111.5036
14/06/2016,111.9826
15/06/2016,111.7671
16/06/2016,112.2347
17/06/2016,111.5332
20/06/2016,110.8693
21/06/2016,111.0077
22/06/2016,110.7681
23/06/2016,110.262
24/06/2016,112.1355
27/06/2016,113.1301
28/06/2016,112.7545
29/06/2016,111.8597
30/06/2016,112.1618
01/07/2016,111.6509
04/07/2016,ND
05/07/2016,112.4231
06/07/2016,112.5438
07/07/2016,112.5775
08/07/2016,112.3963
11/07/2016,112.5254
12/07/2016,112.1102
13/07/2016,112.0266
14/07/2016,111.7692
15/07/2016,112.2833
18/07/2016,112.2463
19/07/2016,112.638
20/07/2016,112.6743
21/07/2016,112.6239
22/07/2016,112.989
25/07/2016,113.1784
26/07/2016,113.0593
27/07/2016,113.217
28/07/2016,112.7393
29/07/2016,111.874
01/08/2016,111.9757
02/08/2016,111.7124
03/08/2016,111.9419
04/08/2016,111.9149
05/08/2016,112.3589
08/08/2016,112.1456
09/08/2016,111.722
10/08/2016,111.3238
11/08/2016,111.1954
12/08/2016,111.1787
15/08/2016,110.9212
16/08/2016,110.4295
17/08/2016,110.9459
18/08/2016,110.3134
19/08/2016,110.8163
22/08/2016,110.9997
23/08/2016,110.9414
24/08/2016,111.2958
25/08/2016,111.1726
26/08/2016,111.2035
29/08/2016,111.8775
30/08/2016,112.2928
31/08/2016,112.4036
01/09/2016,112.1733
02/09/2016,112.0009
05/09/2016,ND
06/09/2016,110.9613
07/09/2016,110.9717
08/09/2016,111.2609
09/09/2016,111.9879
12/09/2016,112.1516
13/09/2016,112.5207
14/09/2016,112.4678
15/09/2016,112.4753
16/09/2016,113.1765
19/09/2016,112.903
20/09/2016,113.1848
21/09/2016,112.9842
22/09/2016,112.2592
23/09/2016,112.7166
26/09/2016,112.7112
27/09/2016,112.5515
28/09/2016,112.6283
29/09/2016,112.2879
30/09/2016,112.2795
03/10/2016,112.5077
04/10/2016,112.6579
05/10/2016,112.7946
06/10/2016,113.0066
07/10/2016,113.2915
10/10/2016,ND
11/10/2016,113.4461
12/10/2016,113.7442
13/10/2016,113.6238
14/10/2016,113.7119
17/10/2016,113.5488
18/10/2016,113.1393
19/10/2016,113.0547
20/10/2016,113.4033
21/10/2016,113.9015
24/10/2016,113.8571
25/10/2016,113.6801
26/10/2016,113.8131
27/10/2016,114.1998
28/10/2016,114.0931
31/10/2016,114.0188
01/11/2016,113.9915
02/11/2016,113.9206
03/11/2016,113.7664
04/11/2016,113.5828
07/11/2016,113.5443
08/11/2016,113.3017
09/11/2016,114.6956
10/11/2016,115.9375
11/11/2016,ND
14/11/2016,117.2245
15/11/2016,116.7724
16/11/2016,116.8062
17/11/2016,116.8952
18/11/2016,117.5936
21/11/2016,117.4762
22/11/2016,117.4508
23/11/2016,118.0356
24/11/2016,ND
25/11/2016,118.02
28/11/2016,117.7278
29/11/2016,117.644
30/11/2016,117.7636
01/12/2016,117.6642
02/12/2016,117.3116
05/12/2016,117.1008
06/12/2016,116.9225
07/12/2016,116.672
08/12/2016,117.0327
09/12/2016,117.2834
12/12/2016,116.9161
13/12/2016,116.8029
14/12/2016,116.7332
15/12/2016,118.8072
16/12/2016,118.3584
19/12/2016,118.3875
20/12/2016,118.63
21/12/2016,118.581
22/12/2016,118.8209
23/12/2016,118.7856
26/12/2016,ND
27/12/2016,118.9506
28/12/2016,119.2305
29/12/2016,118.6637
30/12/2016,118.3466
02/01/2017,ND
03/01/2017,119.0903
04/01/2017,118.8803
05/01/2017,117.9999
06/01/2017,118.3495
09/01/2017,118.4111
10/01/2017,118.5386
11/01/2017,119.0219
12/01/2017,117.8001
13/01/2017,117.9884
16/01/2017,ND
17/01/2017,117.2656
18/01/2017,117.7242
19/01/2017,118.3182
20/01/2017,ND
23/01/2017,117.2479
24/01/2017,117.0516
25/01/2017,116.9355
26/01/2017,117.2766
27/01/2017,117.0735
30/01/2017,116.7325
31/01/2017,116.2241
01/02/2017,116.3914
02/02/2017,115.903
03/02/2017,115.6259
06/02/2017,116.0504
07/02/2017,116.4082
08/02/2017,116.1382
09/02/2017,116.306
10/02/2017,116.148
13/02/2017,116.3427
14/02/2017,116.3949
15/02/2017,116.2162
16/02/2017,116.0067
17/02/2017,116.4035
20/02/2017,ND
21/02/2017,116.5921
22/02/2017,116.2136
23/02/2017,115.6527
24/02/2017,115.8143
27/02/2017,115.6764
28/02/2017,116.0032
01/03/2017,116.438
02/03/2017,116.8429
03/03/2017,116.6438
06/03/2017,116.4313
07/03/2017,116.4303
08/03/2017,116.875
09/03/2017,116.9959
10/03/2017,116.616
13/03/2017,116.4004
14/03/2017,116.5646
15/03/2017,116.3584
16/03/2017,115.4456
17/03/2017,115.2783
20/03/2017,115.0426
21/03/2017,114.8119
22/03/2017,114.7937
23/03/2017,114.7899
24/03/2017,114.6372
27/03/2017,114.2347
28/03/2017,114.419
29/03/2017,114.7167
30/03/2017,114.5245
31/03/2017,114.7938
03/04/2017,114.8734
04/04/2017,115.0038
05/04/2017,114.9494
06/04/2017,115.0181
07/04/2017,115.0547
10/04/2017,115.11
11/04/2017,115.009
12/04/2017,114.9162
13/04/2017,114.5059
14/04/2017,114.5368
17/04/2017,114.3283
18/04/2017,114.2575
19/04/2017,114.7923
20/04/2017,114.6205
21/04/2017,114.8128
24/04/2017,114.3659
25/04/2017,114.5111
26/04/2017,114.9479
27/04/2017,114.9946
28/04/2017,114.7877
01/05/2017,114.5921
02/05/2017,114.6792
03/05/2017,114.6637
04/05/2017,114.9076
05/05/2017,114.7725
08/05/2017,115.0895
09/05/2017,115.3933
10/05/2017,115.1145
11/05/2017,115.0669
12/05/2017,114.7479
15/05/2017,114.3504
16/05/2017,113.9923
17/05/2017,113.7506
18/05/2017,114.2683
19/05/2017,113.7001
22/05/2017,113.5442
23/05/2017,113.6862
24/05/2017,113.675
25/05/2017,113.3719
26/05/2017,113.4839
29/05/2017,ND
30/05/2017,113.5552
31/05/2017,113.2956
01/06/2017,113.3017
02/06/2017,113.1908
05/06/2017,112.9755
06/06/2017,112.7095
07/06/2017,112.8191
08/06/2017,112.8351
09/06/2017,112.9562
12/06/2017,112.9837
13/06/2017,112.6271
14/06/2017,112.0734
15/06/2017,112.8708
16/06/2017,112.6155
19/06/2017,112.7576
20/06/2017,113.2698
21/06/2017,113.3327
22/06/2017,113.1654
23/06/2017,112.8665
26/06/2017,112.7633
27/06/2017,112.55
28/06/2017,112.0747
29/06/2017,111.998
30/06/2017,111.9896
03/07/2017,112.4268
04/07/2017,ND
05/07/2017,112.6534
06/07/2017,112.4199
07/07/2017,112.3137
10/07/2017,112.1587
11/07/2017,112.1434
12/07/2017,111.5904
13/07/2017,111.5365
14/07/2017,110.9075
17/07/2017,110.9304
18/07/2017,110.4356
19/07/2017,110.4339
20/07/2017,110.2512
21/07/2017,110.191
24/07/2017,110.2004
25/07/2017,110.2835
26/07/2017,110.3811
27/07/2017,110.216
28/07/2017,109.92
31/07/2017,109.8177
01/08/2017,109.8495
02/08/2017,109.7503
03/08/2017,109.8332
04/08/2017,110.2808
07/08/2017,110.373
08/08/2017,110.396
09/08/2017,110.3671
10/08/2017,110.1886
11/08/2017,110.0422
14/08/2017,110.095
15/08/2017,110.4846
16/08/2017,110.4394
17/08/2017,110.1673
18/08/2017,110.041
21/08/2017,109.7349
22/08/2017,109.8386
23/08/2017,109.8095
24/08/2017,109.7524
25/08/2017,109.3415
28/08/2017,109.1815
29/08/2017,109.0946
30/08/2017,109.4052
31/08/2017,109.3686
01/09/2017,109.0504
04/09/2017,ND
05/09/2017,108.8664
06/09/2017,108.4897
07/09/2017,107.9224
08/09/2017,107.808
11/09/2017,108.153
12/09/2017,108.3239
13/09/2017,108.6628
14/09/2017,108.618
15/09/2017,108.3147
18/09/2017,108.6401
19/09/2017,108.6142
20/09/2017,108.4329
21/09/2017,108.9267
22/09/2017,108.7542
25/09/2017,109.3302
26/09/2017,109.7769
27/09/2017,110.0722
28/09/2017,110.2415
29/09/2017,110.0867
02/10/2017,110.3686
03/10/2017,110.3281
04/10/2017,110.2425
05/10/2017,110.5823
06/10/2017,110.7841
09/10/2017,ND
10/10/2017,110.3034
11/10/2017,110.3037
12/10/2017,110.3152
13/10/2017,110.2669
16/10/2017,110.5432
17/10/2017,110.9141
18/10/2017,110.7214
19/10/2017,110.4577
20/10/2017,111.0375
23/10/2017,111.2134
24/10/2017,111.4027
25/10/2017,111.3904
26/10/2017,111.6418
27/10/2017,112.1495
30/10/2017,111.901
31/10/2017,111.8052
01/11/2017,111.7942
02/11/2017,111.5474
03/11/2017,111.9383
06/11/2017,111.7197
07/11/2017,111.9446
08/11/2017,111.6935
09/11/2017,111.5626
10/11/2017,ND
13/11/2017,111.7833
14/11/2017,111.5097
15/11/2017,111.4809
16/11/2017,111.2568
17/11/2017,111.0016
20/11/2017,111.2599
21/11/2017,110.9828
22/11/2017,110.5632
23/11/2017,ND
24/11/2017,110.0253
27/11/2017,110.1136
28/11/2017,110.3018
29/11/2017,110.3265
30/11/2017,110.4648
01/12/2017,110.1413
04/12/2017,110.397
05/12/2017,110.4905
06/12/2017,110.8711
07/12/2017,111.0178
08/12/2017,111.2273
11/12/2017,111.0827
12/12/2017,111.5214
13/12/2017,111.2759
14/12/2017,111.0893
15/12/2017,111.1286
18/12/2017,110.9086
19/12/2017,111.1255
20/12/2017,110.8361
21/12/2017,110.8786
22/12/2017,111.0997
25/12/2017,ND
26/12/2017,110.9758
27/12/2017,110.8553
28/12/2017,110.5154
29/12/2017,110.0783
01/01/2018,ND
02/01/2018,109.6444
03/01/2018,109.6751
04/01/2018,109.4779
05/01/2018,109.3496
08/01/2018,109.5678
09/01/2018,109.9022
10/01/2018,109.6277
11/01/2018,109.4887
12/01/2018,108.9011
15/01/2018,ND
16/01/2018,108.322
17/01/2018,108.1526
18/01/2018,108.0655
19/01/2018,107.9454
22/01/2018,108.1069
23/01/2018,107.9981
24/01/2018,107.0801
25/01/2018,106.5052
26/01/2018,106.6909
29/01/2018,107.1141
30/01/2018,107.1063
31/01/2018,106.7695
01/02/2018,106.4877
02/02/2018,107.1154
05/02/2018,107.3303
06/02/2018,107.5206
07/02/2018,107.7173
08/02/2018,108.3021
09/02/2018,108.2579
12/02/2018,108.0332
13/02/2018,107.7575
14/02/2018,107.4693
15/02/2018,106.9869
16/02/2018,107.0359
19/02/2018,ND
20/02/2018,107.6248
21/02/2018,107.8679
22/02/2018,107.8668
23/02/2018,107.6802
26/02/2018,107.7345
27/02/2018,108.1729
28/02/2018,108.3901
01/03/2018,108.5357
02/03/2018,ND
05/03/2018,108.3617
06/03/2018,107.7972
07/03/2018,108.0916
08/03/2018,108.2673
09/03/2018,107.9231
12/03/2018,107.9439
13/03/2018,107.7387
14/03/2018,107.8625
15/03/2018,108.2033
16/03/2018,108.4333
19/03/2018,108.3146
20/03/2018,108.4953
21/03/2018,ND
22/03/2018,107.9934
23/03/2018,107.7495
26/03/2018,107.182
27/03/2018,107.3361
28/03/2018,107.5733
29/03/2018,107.665
30/03/2018,107.4783
02/04/2018,107.7031
03/04/2018,107.5621
04/04/2018,107.636
05/04/2018,107.7279
06/04/2018,107.7884
09/04/2018,107.5312
10/04/2018,107.3651
11/04/2018,107.1216
12/04/2018,107.2897
13/04/2018,107.2359
16/04/2018,107.0588
17/04/2018,107.0335
18/04/2018,107.1091
19/04/2018,107.5191
20/04/2018,108.1782
23/04/2018,108.9328
24/04/2018,108.7903
25/04/2018,109.3443
26/04/2018,109.3639
27/04/2018,109.1729
30/04/2018,109.3356
01/05/2018,109.7437
02/05/2018,110.1616
03/05/2018,110.1796
04/05/2018,110.2492
07/05/2018,110.5713
08/05/2018,111.062
09/05/2018,110.8807
10/05/2018,110.4041
11/05/2018,110.2839
14/05/2018,110.4073
15/05/2018,111.2283
16/05/2018,111.3057
17/05/2018,111.3537
18/05/2018,111.7161
21/05/2018,111.6385
22/05/2018,111.1934
23/05/2018,111.6919
24/05/2018,111.4871
25/05/2018,111.5828
28/05/2018,ND
29/05/2018,112.2108
30/05/2018,111.6717
31/05/2018,111.988
01/06/2018,111.8253
04/06/2018,111.8235
05/06/2018,112.2628
06/06/2018,111.7517
07/06/2018,112.0719
08/06/2018,112.1057
11/06/2018,112.1097
12/06/2018,112.2129
13/06/2018,112.2569
14/06/2018,112.8581
15/06/2018,113.3369
18/06/2018,113.4889
19/06/2018,113.6379
20/06/2018,113.4774
21/06/2018,113.61
22/06/2018,113.3039
25/06/2018,113.2854
26/06/2018,113.301
27/06/2018,113.8964
28/06/2018,113.8399
29/06/2018,113.2583
02/07/2018,114.1669
03/07/2018,113.3217
04/07/2018,ND
05/07/2018,112.9756
06/07/2018,112.6426
09/07/2018,112.6423
10/07/2018,112.5792
11/07/2018,112.8582
12/07/2018,112.779
13/07/2018,113.0705
16/07/2018,112.8438
17/07/2018,113.1504
18/07/2018,113.3349
19/07/2018,113.9464
20/07/2018,113.3214
23/07/2018,113.4248
24/07/2018,113.2043
25/07/2018,112.9217
26/07/2018,112.9175
27/07/2018,112.8122
30/07/2018,112.6043
31/07/2018,112.7297
01/08/2018,112.8897
02/08/2018,113.1674
03/08/2018,113.0114
06/08/2018,113.2283
07/08/2018,112.9753
08/08/2018,113.1404
09/08/2018,113.3797
10/08/2018,114.2992
13/08/2018,114.8497
14/08/2018,114.6566
15/08/2018,115.1512
16/08/2018,114.6403
17/08/2018,114.5327
20/08/2018,114.3493
21/08/2018,113.8595
22/08/2018,113.6622
23/08/2018,114.0926
24/08/2018,113.598
27/08/2018,113.2717
28/08/2018,113.3441
29/08/2018,113.6458
30/08/2018,114.0895
31/08/2018,114.275
03/09/2018,ND
04/09/2018,114.858
05/09/2018,114.7474
06/09/2018,114.6473
07/09/2018,114.5807
10/09/2018,114.6793
11/09/2018,114.7044
12/09/2018,114.2185
13/09/2018,113.9264
14/09/2018,114.0654
17/09/2018,113.9154
18/09/2018,113.7735
19/09/2018,113.6528
20/09/2018,113.4986
21/09/2018,113.5097
24/09/2018,113.53
25/09/2018,113.7203
26/09/2018,113.6738
27/09/2018,113.9782
28/09/2018,113.8072
01/10/2018,113.8227
02/10/2018,113.8946
03/10/2018,114.1559
04/10/2018,114.6857
05/10/2018,114.5599
08/10/2018,ND
09/10/2018,114.6568
10/10/2018,114.6059
11/10/2018,114.4062
12/10/2018,114.368
15/10/2018,114.044
16/10/2018,113.8952
17/10/2018,114.1743
18/10/2018,114.8152
19/10/2018,114.8557
22/10/2018,115.1772
23/10/2018,115.1641
24/10/2018,115.3743
25/10/2018,115.4818
26/10/2018,115.4717
29/10/2018,115.8925
30/10/2018,116.2346
31/10/2018,116.5268
01/11/2018,115.8643
02/11/2018,115.6415
05/11/2018,115.7015
06/11/2018,115.5607
07/11/2018,115.2505
08/11/2018,115.6463
09/11/2018,116.4762
12/11/2018,ND
13/11/2018,116.6676
14/11/2018,116.4964
15/11/2018,116.3849
16/11/2018,115.9246
19/11/2018,115.985
20/11/2018,116.2357
21/11/2018,116.0911
22/11/2018,ND
23/11/2018,116.4703
26/11/2018,116.6198
27/11/2018,116.8991
28/11/2018,116.8333
29/11/2018,116.1954
30/11/2018,116.4121
03/12/2018,115.9046
04/12/2018,116.0015
05/12/2018,ND
06/12/2018,116.3983
07/12/2018,116.0839
10/12/2018,116.6739
11/12/2018,116.7556
12/12/2018,116.2205
13/12/2018,116.3967
14/12/2018,116.7891
17/12/2018,116.4524
18/12/2018,116.4122
19/12/2018,116.0672
20/12/2018,116.0179
21/12/2018,116.2221
24/12/2018,116.2177
25/12/2018,ND
26/12/2018,116.1156
27/12/2018,115.9922
28/12/2018,115.7226
31/12/2018,115.5667
01/01/2019,ND
02/01/2019,115.7676
03/01/2019,115.4611
04/01/2019,114.9813
07/01/2019,114.5621
08/01/2019,114.7272
09/01/2019,114.1394
10/01/2019,114.048
11/01/2019,114.0383
14/01/2019,ND
15/01/2019,114.3374
16/01/2019,114.1341
17/01/2019,114.4087
18/01/2019,114.5555
21/01/2019,ND
22/01/2019,114.7515
23/01/2019,114.5732
24/01/2019,114.614
25/01/2019,114.0168
28/01/2019,114.0493
29/01/2019,114.0227
30/01/2019,114.0705
31/01/2019,113.5476
01/02/2019,113.7524
04/02/2019,113.8738
05/02/2019,114.0404
06/02/2019,114.2275
07/02/2019,114.4308
08/02/2019,114.4975
11/02/2019,115.0288
12/02/2019,114.7278
13/02/2019,114.9388
14/02/2019,115.0984
15/02/2019,114.9899
18/02/2019,ND
19/02/2019,114.5676
20/02/2019,ND
21/02/2019,114.507
22/02/2019,114.2692
25/02/2019,114.1432
26/02/2019,114.0662
27/02/2019,114.0337
28/02/2019,114.1971
01/03/2019,114.535
04/03/2019,114.6903
05/03/2019,114.8019
06/03/2019,114.9697
07/03/2019,115.4905
08/03/2019,115.3585
11/03/2019,115.2953
12/03/2019,114.9376
13/03/2019,114.7361
14/03/2019,114.7891
15/03/2019,114.5808
18/03/2019,114.4368
19/03/2019,114.2313
20/03/2019,114.1497
21/03/2019,114.1672
22/03/2019,114.6845
25/03/2019,114.4158
26/03/2019,114.6404
27/03/2019,115.1236
28/03/2019,115.2575
29/03/2019,115.1364
01/04/2019,114.935
02/04/2019,115.1164
03/04/2019,114.7204
04/04/2019,114.9687
05/04/2019,114.9714
08/04/2019,114.6879
09/04/2019,114.5307
10/04/2019,114.4255
11/04/2019,114.629
12/04/2019,114.3517
15/04/2019,114.4936
16/04/2019,114.6745
17/04/2019,114.5128
18/04/2019,114.7057
19/04/2019,114.6961
22/04/2019,114.7679
23/04/2019,115.1563
24/04/2019,115.4172
25/04/2019,115.7692
26/04/2019,115.4749
29/04/2019,115.5213
30/04/2019,115.3268
01/05/2019,115.0008
02/05/2019,115.5607
03/05/2019,115.2635
06/05/2019,115.38
07/05/2019,115.6104
08/05/2019,115.5161
09/05/2019,115.8414
10/05/2019,115.5327
13/05/2019,115.9142
14/05/2019,115.942
15/05/2019,115.8561
16/05/2019,116.0343
17/05/2019,116.4481
20/05/2019,116.3126
21/05/2019,116.2847
22/05/2019,116.2414
23/05/2019,116.2369
24/05/2019,116.0809
27/05/2019,ND
28/05/2019,116.3178
29/05/2019,116.5533
30/05/2019,116.3986
31/05/2019,116.7279
03/06/2019,116.4777
04/06/2019,116.0919
05/06/2019,116.0309
06/06/2019,115.9788
07/06/2019,115.7386
10/06/2019,115.5012
11/06/2019,115.3803
12/06/2019,115.4388
13/06/2019,115.6281
14/06/2019,115.9059
17/06/2019,115.9687
18/06/2019,115.8798
19/06/2019,115.7891
20/06/2019,114.8046
21/06/2019,114.8378
24/06/2019,114.6568
25/06/2019,114.6373
26/06/2019,114.5619
27/06/2019,114.6663
28/06/2019,114.5834
01/07/2019,114.7247
02/07/2019,114.8268
03/07/2019,114.8145
04/07/2019,ND
05/07/2019,115.1143
08/07/2019,115.0263
09/07/2019,115.1026
10/07/2019,115.0897
11/07/2019,114.8375
12/07/2019,114.7696
15/07/2019,114.6831
16/07/2019,115.0124
17/07/2019,114.8829
18/07/2019,114.8751
19/07/2019,114.8702
22/07/2019,115.0026
23/07/2019,115.3001
24/07/2019,115.2441
25/07/2019,115.2987
26/07/2019,115.5454
29/07/2019,115.5896
30/07/2019,115.6222
31/07/2019,115.4955
01/08/2019,116.0509
02/08/2019,116.1874
05/08/2019,116.587
06/08/2019,116.6921
07/08/2019,116.8003
08/08/2019,116.4756
09/08/2019,116.4432
12/08/2019,116.7567
13/08/2019,116.7283
14/08/2019,117.0926
15/08/2019,117.2247
16/08/2019,117.0796
19/08/2019,117.39
20/08/2019,117.3738
21/08/2019,117.1778
22/08/2019,117.357
23/08/2019,117.3027
26/08/2019,117.668
27/08/2019,117.7525
28/08/2019,117.8792
29/08/2019,118.0652
30/08/2019,118.16
02/09/2019,ND
03/09/2019,118.313
04/09/2019,117.6745
05/09/2019,117.4791
06/09/2019,117.1305
09/09/2019,117.0617
10/09/2019,117.09
11/09/2019,117.3138
12/09/2019,116.8391
13/09/2019,116.769
16/09/2019,117.0261
17/09/2019,116.9839
18/09/2019,116.9779
19/09/2019,117.0877
20/09/2019,117.1835
23/09/2019,117.3006
24/09/2019,117.2247
25/09/2019,117.6549
26/09/2019,117.729
27/09/2019,117.7246
30/09/2019,117.9488
01/10/2019,117.9621
02/10/2019,117.9694
03/10/2019,117.6628
04/10/2019,117.5306
07/10/2019,117.5552
08/10/2019,117.7423
09/10/2019,117.6854
10/10/2019,117.282
11/10/2019,116.8257
14/10/2019,ND
15/10/2019,116.8122
16/10/2019,116.6438
17/10/2019,116.2631
18/10/2019,116.1359
21/10/2019,116.0453
22/10/2019,115.9868
23/10/2019,116.0601
24/10/2019,116.1291
25/10/2019,116.0788
28/10/2019,116.0236
29/10/2019,115.9811
30/10/2019,116.1649
31/10/2019,115.9137
01/11/2019,115.7324
04/11/2019,115.8637
05/11/2019,116.1149
06/11/2019,116.1012
07/11/2019,116.1179
08/11/2019,116.344
11/11/2019,ND
12/11/2019,116.5843
13/11/2019,116.8404
14/11/2019,116.8031
15/11/2019,116.4409
18/11/2019,116.3634
19/11/2019,116.5402
20/11/2019,116.8293
21/11/2019,116.7447
22/11/2019,116.9148
25/11/2019,117.0109
26/11/2019,117.0529
27/11/2019,117.1292
28/11/2019,ND
29/11/2019,117.1218
02/12/2019,116.9664
03/12/2019,116.8916
04/12/2019,116.6938
05/12/2019,116.3857
06/12/2019,116.5394
09/12/2019,116.3296
10/12/2019,116.2557
11/12/2019,116.1492
12/12/2019,115.8755
13/12/2019,115.6976
16/12/2019,115.5559
17/12/2019,115.5561
18/12/2019,115.6627
19/12/2019,115.5997
20/12/2019,115.7604
23/12/2019,115.8066
24/12/2019,ND
25/12/2019,ND
26/12/2019,115.6347
27/12/2019,115.2207
30/12/2019,114.9639
31/12/2019,114.6697
01/01/2020,ND
02/01/2020,114.9746
03/01/2020,114.9862
06/01/2020,114.9552
07/01/2020,115.1467
08/01/2020,115.1318
09/01/2020,115.2325
10/01/2020,115.0671
13/01/2020,115.0337
14/01/2020,115.0233
15/01/2020,114.9526
16/01/2020,114.9999
17/01/2020,115.0642
20/01/2020,ND
21/01/2020,115.1865
22/01/2020,115.2264
23/01/2020,115.5537
24/01/2020,115.5545
27/01/2020,115.7994
28/01/2020,115.7226
29/01/2020,115.6986
30/01/2020,115.8065
31/01/2020,115.7342
03/02/2020,116.1176
04/02/2020,115.929
05/02/2020,116.0082
06/02/2020,116.1508
07/02/2020,116.5075
10/02/2020,116.5701
11/02/2020,116.3572
12/02/2020,116.2777
13/02/2020,116.398
14/02/2020,116.42
17/02/2020,ND
18/02/2020,116.6016
19/02/2020,116.7802
20/02/2020,117.2434
21/02/2020,117.0456
24/02/2020,117.401
25/02/2020,117.2417
26/02/2020,117.4048
27/02/2020,117.3686
28/02/2020,117.6573
02/03/2020,116.8148
03/03/2020,116.4958
04/03/2020,116.7799
05/03/2020,116.7913
06/03/2020,116.7132
09/03/2020,117.1927
10/03/2020,117.9082
11/03/2020,118.2564
12/03/2020,120.4945
13/03/2020,120.4439
16/03/2020,120.9417
17/03/2020,122.4875
18/03/2020,124.1693
19/03/2020,125.0662
20/03/2020,124.9425
23/03/2020,126.1342
24/03/2020,125.5092
25/03/2020,124.7995
26/03/2020,122.4384
27/03/2020,122.4097
30/03/2020,123.2997
31/03/2020,122.5394
01/04/2020,123.8033
02/04/2020,123.5994
03/04/2020,124.4237
06/04/2020,124.1692
07/04/2020,123.1038
08/04/2020,123.2299
09/04/2020,122.4834
10/04/2020,122.1668
13/04/2020,122.5282
14/04/2020,122.1204
15/04/2020,123.084
16/04/2020,123.4698
17/04/2020,122.8791
20/04/2020,123.1121
21/04/2020,123.9207
22/04/2020,123.9354
23/04/2020,123.7645
24/04/2020,124.172
27/04/2020,123.8954
28/04/2020,123.3794
29/04/2020,122.7877
30/04/2020,122.3375
01/05/2020,123.1615
04/05/2020,123.2224
05/05/2020,122.8117
06/05/2020,123.6188
07/05/2020,123.1339
08/05/2020,122.5465
11/05/2020,123.2423
12/05/2020,123.0694
13/05/2020,123.5512
14/05/2020,123.6524
15/05/2020,123.608
18/05/2020,122.8055
19/05/2020,122.5744
20/05/2020,122.1093
21/05/2020,122.099
22/05/2020,122.3278
25/05/2020,ND
26/05/2020,121.3933
27/05/2020,121.5741
28/05/2020,121.0207
29/05/2020,120.953
01/06/2020,120.2753
02/06/2020,119.692
03/06/2020,119.2625
04/06/2020,119.3094
05/06/2020,118.8202
08/06/2020,118.6687
09/06/2020,118.5967
10/06/2020,118.5307
11/06/2020,119.2435
12/06/2020,119.6719
15/06/2020,119.9622
16/06/2020,119.5744
17/06/2020,119.918
18/06/2020,120.2252
19/06/2020,120.226
22/06/2020,119.7613
23/06/2020,119.3372
24/06/2020,119.9834
25/06/2020,120.3089
26/06/2020,120.5425
29/06/2020,120.6757
30/06/2020,120.4746
01/07/2020,120.0902
02/07/2020,119.8648
03/07/2020,ND
06/07/2020,119.2941
07/07/2020,119.5814
08/07/2020,119.5625
09/07/2020,119.5221
10/07/2020,119.3601
13/07/2020,119.1984
14/07/2020,119.3999
15/07/2020,119.0423
16/07/2020,118.9368
17/07/2020,119.134
20/07/2020,119.0588
21/07/2020,118.4145
22/07/2020,118.1446
23/07/2020,118.0724
24/07/2020,118.1445
27/07/2020,117.3982
28/07/2020,117.3301
29/07/2020,117.2242
30/07/2020,117.4133
31/07/2020,117.2208
03/08/2020,117.8199
04/08/2020,117.7962
05/08/2020,116.8865
06/08/2020,117.055
07/08/2020,117.6365
10/08/2020,117.5946
11/08/2020,117.3902
12/08/2020,117.2679
13/08/2020,117.1313
14/08/2020,116.9512
17/08/2020,116.7609
18/08/2020,116.5722
19/08/2020,116.5789
20/08/2020,116.8243
21/08/2020,117.0682
24/08/2020,116.9238
25/08/2020,116.8324
26/08/2020,116.6358
27/08/2020,116.6614
28/08/2020,115.9506
31/08/2020,115.7717
01/09/2020,115.5814
02/09/2020,116.0423
03/09/2020,116.0799
04/09/2020,116.0457
07/09/2020,ND
08/09/2020,116.4725
09/09/2020,116.1396
10/09/2020,115.8906
11/09/2020,116.0963
14/09/2020,115.6523
15/09/2020,115.5996
16/09/2020,115.3623
17/09/2020,115.4476
18/09/2020,115.248
21/09/2020,116.3873
22/09/2020,116.5529
23/09/2020,117.2631
24/09/2020,117.5578
25/09/2020,117.8786
28/09/2020,117.629
29/09/2020,117.5379
30/09/2020,116.957
01/10/2020,116.7339
02/10/2020,116.7424
05/10/2020,116.187
06/10/2020,116.2781
07/10/2020,116.3548
08/10/2020,116.1753
09/10/2020,115.2843
12/10/2020,ND
13/10/2020,115.9193
14/10/2020,115.6959
15/10/2020,116.1046
16/10/2020,115.7754
19/10/2020,115.4109
20/10/2020,115.2558
21/10/2020,114.9185
22/10/2020,115.1234
23/10/2020,115.0198
26/10/2020,115.2872
27/10/2020,115.0206
28/10/2020,115.8099
29/10/2020,116.3138
30/10/2020,116.1417
02/11/2020,116.2425
03/11/2020,115.4864
04/11/2020,115.1733
05/11/2020,114.4615
06/11/2020,113.9977
09/11/2020,114.0942
10/11/2020,114.0802
11/11/2020,ND
12/11/2020,114.2889
13/11/2020,114.2445
16/11/2020,113.8356
17/11/2020,113.6864
18/11/2020,113.4645
19/11/2020,113.6982
20/11/2020,113.4932
23/11/2020,113.759
24/11/2020,113.4361
25/11/2020,113.1871
26/11/2020,ND
27/11/2020,ND
30/11/2020,113.2308
01/12/2020,112.8122
02/12/2020,112.6174
03/12/2020,112.0293
04/12/2020,111.7826
07/12/2020,111.8431
08/12/2020,111.8684
09/12/2020,112.0353
10/12/2020,111.9839
11/12/2020,112.1469
14/12/2020,112.177
15/12/2020,111.866
16/12/2020,111.7215
17/12/2020,111.2286
18/12/2020,111.6136
21/12/2020,111.9477
22/12/2020,112.201
23/12/2020,111.9873
24/12/2020,ND
25/12/2020,ND
28/12/2020,111.9821
29/12/2020,111.524
30/12/2020,111.3156
31/12/2020,111.324
01/01/2021,ND
04/01/2021,111.2143
05/01/2021,110.9649
06/01/2021,110.8573
07/01/2021,111.3124
08/01/2021,111.293
11/01/2021,111.8342
12/01/2021,111.5584
13/01/2021,111.3702
14/01/2021,111.1639
15/01/2021,111.5168
18/01/2021,ND
19/01/2021,111.4591
20/01/2021,ND
21/01/2021,111.2044
22/01/2021,111.5602
25/01/2021,111.8767
26/01/2021,111.6661
27/01/2021,112.0876
28/01/2021,112.015
29/01/2021,111.9604
01/02/2021,112.4282
02/02/2021,112.2937
03/02/2021,112.2648
04/02/2021,112.756
05/02/2021,112.2463
08/02/2021,112.0512
09/02/2021,111.7768
10/02/2021,111.5929
11/02/2021,111.5364
12/02/2021,111.4981
15/02/2021,ND
16/02/2021,111.7984
17/02/2021,112.03
18/02/2021,112.1718
19/02/2021,111.7179
22/02/2021,111.9316
23/02/2021,111.911
24/02/2021,111.7339
25/02/2021,111.9402
26/02/2021,112.8433
01/03/2021,112.538
02/03/2021,112.5472
03/03/2021,112.7761
04/03/2021,112.717
05/03/2021,113.7626
08/03/2021,114.2824
09/03/2021,113.9431
10/03/2021,113.6015
11/03/2021,112.9345
12/03/2021,113.0403
15/03/2021,113.2065
16/03/2021,112.997
17/03/2021,113.1726
18/03/2021,112.7872
19/03/2021,112.9877
22/03/2021,113.0154
23/03/2021,113.3038
24/03/2021,113.669
25/03/2021,114.014
26/03/2021,113.7532
29/03/2021,113.9447
30/03/2021,114.2152
31/03/2021,113.8351
01/04/2021,113.7504
02/04/2021,113.7429
05/04/2021,113.406
06/04/2021,113.1575
07/04/2021,113.254
08/04/2021,113.1015
09/04/2021,113.2132
12/04/2021,113.1916
13/04/2021,113.0489
14/04/2021,112.7951
15/04/2021,112.6274
16/04/2021,112.4913
19/04/2021,112.1929
20/04/2021,112.2444
21/04/2021,112.1862
22/04/2021,112.2385
23/04/2021,112.0981
26/04/2021,111.8207
27/04/2021,111.9203
28/04/2021,111.8015
29/04/2021,111.7583
30/04/2021,112.0959
03/05/2021,112.0176
04/05/2021,112.3021
05/05/2021,112.1639
06/05/2021,111.8525
07/05/2021,111.0372
10/05/2021,110.803
11/05/2021,110.904
12/05/2021,111.5762
13/05/2021,111.6079
14/05/2021,111.1476
17/05/2021,111.0913
18/05/2021,110.8446
19/05/2021,110.8933
20/05/2021,110.8741
21/05/2021,111.0714
24/05/2021,110.9254
25/05/2021,110.8557
26/05/2021,110.8814
27/05/2021,110.8829
28/05/2021,110.7711
31/05/2021,ND
01/06/2021,110.5179
02/06/2021,110.5924
03/06/2021,111.1905
04/06/2021,110.7645
07/06/2021,110.5275
08/06/2021,110.6608
09/06/2021,110.582
10/06/2021,110.557
11/06/2021,111.1052
14/06/2021,110.9779
15/06/2021,111.3634
16/06/2021,111.1287
17/06/2021,112.5881
18/06/2021,113.0517
21/06/2021,112.8506
22/06/2021,112.929
23/06/2021,112.3931
24/06/2021,112.3357
25/06/2021,111.9742
28/06/2021,112.033
29/06/2021,112.2692
30/06/2021,112.5613
01/07/2021,112.7484
02/07/2021,112.5507
05/07/2021,ND
06/07/2021,112.9602
07/07/2021,113.1136
08/07/2021,113.0863
09/07/2021,112.8468
12/07/2021,112.7701
13/07/2021,113.0153
14/07/2021,112.8885
15/07/2021,113.0122
16/07/2021,113.0504
19/07/2021,113.5547
20/07/2021,113.7582
21/07/2021,113.4018
22/07/2021,113.4788
23/07/2021,113.4486
26/07/2021,113.2335
27/07/2021,113.2321
28/07/2021,113.1899
29/07/2021,112.4927
30/07/2021,112.6808
02/08/2021,112.6784
03/08/2021,112.8331
04/08/2021,112.906
05/08/2021,112.778
06/08/2021,113.3192
09/08/2021,113.4625
10/08/2021,113.5072
11/08/2021,113.2917
12/08/2021,113.278
13/08/2021,113.0708
16/08/2021,113.179
17/08/2021,113.6263
18/08/2021,113.705
19/08/2021,114.1195
20/08/2021,114.5108
23/08/2021,113.9526
24/08/2021,113.6899
25/08/2021,113.6424
26/08/2021,113.7986
27/08/2021,113.3511
30/08/2021,113.256
31/08/2021,113.1175
01/09/2021,112.8832
02/09/2021,112.7966
03/09/2021,112.558
06/09/2021,ND
07/09/2021,112.9892
08/09/2021,113.2414
09/09/2021,113.053
10/09/2021,112.9519
13/09/2021,113.0432
14/09/2021,113.0151
15/09/2021,112.9862
16/09/2021,113.3122
17/09/2021,113.6074
20/09/2021,113.9511
21/09/2021,113.8266
22/09/2021,113.631
23/09/2021,113.5224
24/09/2021,113.7694
27/09/2021,113.7532
28/09/2021,114.2571
29/09/2021,114.7191
30/09/2021,114.6504
01/10/2021,114.3899
04/10/2021,114.2847
05/10/2021,114.3767
06/10/2021,114.7292
07/10/2021,114.5156
08/10/2021,114.6108
11/10/2021,ND
12/10/2021,114.7667
13/10/2021,114.4827
14/10/2021,114.2181
15/10/2021,114.1033
18/10/2021,114.0022
19/10/2021,113.6595
20/10/2021,113.521
21/10/2021,113.6322
22/10/2021,113.6828
25/10/2021,113.6172
26/10/2021,113.6863
27/10/2021,113.6342
28/10/2021,113.453
29/10/2021,114.149
01/11/2021,114.2231
02/11/2021,114.2997
03/11/2021,114.3754
04/11/2021,114.37
05/11/2021,114.0865
08/11/2021,113.8391
09/11/2021,113.7746
10/11/2021,114.1611
11/11/2021,ND
12/11/2021,114.5263
15/11/2021,114.6003
16/11/2021,115.149
17/11/2021,115.039
18/11/2021,115.0811
19/11/2021,115.2318
22/11/2021,115.6615
23/11/2021,116.026
24/11/2021,116.2855
25/11/2021,ND
26/11/2021,116.5259
29/11/2021,116.596
30/11/2021,116.2206
01/12/2021,115.9026
02/12/2021,116.0313
03/12/2021,116.2511
06/12/2021,116.1663
07/12/2021,115.8676
08/12/2021,115.4541
09/12/2021,115.7904
10/12/2021,115.5852
13/12/2021,115.8538
14/12/2021,116.252
15/12/2021,116.4342
16/12/2021,115.7267
17/12/2021,115.8022
20/12/2021,116.0206
21/12/2021,116.1208
22/12/2021,115.7612
23/12/2021,115.5469
24/12/2021,ND
27/12/2021,115.4821
28/12/2021,115.4327
29/12/2021,115.3819
30/12/2021,115.2969
31/12/2021,ND
03/01/2022,115.4243
04/01/2022,115.3263
05/01/2022,115.1524
06/01/2022,115.4189
07/01/2022,115.0596
10/01/2022,115.235
11/01/2022,114.8467
12/01/2022,114.3713
13/01/2022,114.1934
14/01/2022,114.3968
17/01/2022,ND
18/01/2022,114.7513
19/01/2022,114.6254
20/01/2022,114.4779
21/01/2022,114.6261
24/01/2022,115.2165
25/01/2022,115.1779
26/01/2022,115.1044
27/01/2022,115.9874
28/01/2022,116.049
31/01/2022,115.5742
01/02/2022,115.3775
02/02/2022,115.1643
03/02/2022,114.9175
04/02/2022,115.1473
07/02/2022,115.0209
08/02/2022,115.0999
09/02/2022,114.8329
10/02/2022,114.5618
11/02/2022,114.8489
14/02/2022,115.2008
15/02/2022,114.9357
16/02/2022,114.6954
17/02/2022,114.682
18/02/2022,114.8036
21/02/2022,ND
22/02/2022,114.7054
23/02/2022,114.6718
24/02/2022,115.9478
25/02/2022,115.2633
28/02/2022,115.2317
01/03/2022,115.8062
02/03/2022,115.7727
03/03/2022,115.9592
04/03/2022,116.661
07/03/2022,117.3406
08/03/2022,117.6281
09/03/2022,116.6057
10/03/2022,116.75
11/03/2022,117.0294
14/03/2022,117.1594
15/03/2022,117.2533
16/03/2022,116.8135
17/03/2022,116.0544
18/03/2022,116.1447
21/03/2022,115.9467
22/03/2022,116.0888
23/03/2022,116.0101
24/03/2022,115.9651
25/03/2022,115.7953
28/03/2022,116.1953
29/03/2022,115.572
30/03/2022,115.0857
31/03/2022,115.2254
01/04/2022,115.4835
04/04/2022,115.4121
05/04/2022,115.7328
06/04/2022,116.002
07/04/2022,116.3541
08/04/2022,116.42
11/04/2022,116.5423
12/04/2022,116.387
13/04/2022,116.2793
14/04/2022,116.7552
15/04/2022,116.7011
18/04/2022,116.8427
19/04/2022,117.1322
20/04/2022,116.7325
21/04/2022,117.1454
22/04/2022,118.0205
25/04/2022,118.6298
26/04/2022,118.9658
27/04/2022,119.472
28/04/2022,120.0703
29/04/2022,119.4936
02/05/2022,119.8827
03/05/2022,119.7037
04/05/2022,119.5567
05/05/2022,120.0043
06/05/2022,119.8544
09/05/2022,120.4949
10/05/2022,120.7716
11/05/2022,120.3896
12/05/2022,121.273
13/05/2022,120.8379
16/05/2022,120.6812
17/05/2022,119.8816
18/05/2022,120.022
19/05/2022,119.4244
20/05/2022,119.3617
23/05/2022,118.712
24/05/2022,118.6208
25/05/2022,118.9561
26/05/2022,118.7671
27/05/2022,118.2796
30/05/2022,ND
31/05/2022,118.0689
01/06/2022,118.6936
02/06/2022,118.0642
03/06/2022,118.2138
06/06/2022,118.3053
07/06/2022,118.4401
08/06/2022,118.3944
09/06/2022,118.9193
10/06/2022,119.9942
13/06/2022,121.1517
14/06/2022,121.6668
15/06/2022,121.6382
16/06/2022,120.6755
17/06/2022,121.2389
20/06/2022,ND
21/06/2022,120.646
22/06/2022,120.5232
23/06/2022,120.7646
24/06/2022,120.4897
27/06/2022,120.1789
28/06/2022,120.6254
29/06/2022,120.9689
30/06/2022,120.9718
01/07/2022,121.5123
04/07/2022,ND
05/07/2022,122.6276
06/07/2022,123.0165
07/07/2022,122.7336
08/07/2022,122.4724
11/07/2022,123.3062
12/07/2022,123.4612
13/07/2022,123.293
14/07/2022,124.0717
15/07/2022,123.4842
18/07/2022,122.78
19/07/2022,122.4922
20/07/2022,122.6096
21/07/2022,122.9169
22/07/2022,122.4643
25/07/2022,122.4721
26/07/2022,122.7698
27/07/2022,122.8281
28/07/2022,122.1267
29/07/2022,121.7793
01/08/2022,121.4218
02/08/2022,121.9609
03/08/2022,122.4002
04/08/2022,121.8436
05/08/2022,122.33
08/08/2022,121.8887
09/08/2022,121.8719
10/08/2022,120.7648
11/08/2022,120.7281
12/08/2022,121.0272
15/08/2022,121.4382
16/08/2022,121.6889
17/08/2022,122.0802
18/08/2022,122.3722
19/08/2022,123.0596
22/08/2022,123.6123
23/08/2022,123.0617
24/08/2022,123.1136
25/08/2022,123.0645
26/08/2022,123.0709
29/08/2022,123.4739
30/08/2022,123.6893
31/08/2022,123.5407
01/09/2022,124.4045
02/09/2022,123.7771
05/09/2022,ND
06/09/2022,124.7719
07/09/2022,124.8457
08/09/2022,124.584
09/09/2022,123.7954
12/09/2022,123.3441
13/09/2022,124.4342
14/09/2022,124.4593
15/09/2022,124.8944
16/09/2022,124.8879
19/09/2022,125.0177
20/09/2022,125.1324
21/09/2022,125.7464
22/09/2022,126.1668
23/09/2022,127.2867
26/09/2022,128.4544
27/09/2022,128.4399
28/09/2022,128.0937
29/09/2022,127.5463
30/09/2022,127.5159
03/10/2022,127.0793
04/10/2022,126.184
05/10/2022,126.863
06/10/2022,127.2481
07/10/2022,127.3093
10/10/2022,ND
11/10/2022,127.6614
12/10/2022,128.1456
13/10/2022,127.7276
14/10/2022,128.3303
17/10/2022,127.6478
18/10/2022,127.9184
19/10/2022,128.3992
20/10/2022,128.0084
21/10/2022,127.6758
24/10/2022,128.0351
25/10/2022,127.384
26/10/2022,126.481
27/10/2022,126.7102
28/10/2022,127.2196
31/10/2022,127.6272
01/11/2022,127.4011
02/11/2022,127.3138
03/11/2022,128.1712
04/11/2022,127.149
07/11/2022,126.3098
08/11/2022,125.64
09/11/2022,125.9926
10/11/2022,124.7142
11/11/2022,ND
14/11/2022,123.4425
15/11/2022,123.0534
16/11/2022,123.2964
17/11/2022,123.9929
18/11/2022,123.8678
21/11/2022,124.7143
22/11/2022,124.251
23/11/2022,123.7739
24/11/2022,ND
25/11/2022,123.3547
28/11/2022,123.6181
29/11/2022,123.6703
30/11/2022,123.5276
01/12/2022,122.0147
02/12/2022,122.0218
05/12/2022,122.6511
06/12/2022,123.0319
07/12/2022,122.7716
08/12/2022,122.4275
09/12/2022,122.4343
12/12/2022,122.7861
13/12/2022,121.8644
14/12/2022,121.8391
15/12/2022,122.5684
16/12/2022,122.6647
19/12/2022,122.5438
20/12/2022,122.1502
21/12/2022,122.2965
22/12/2022,122.2525
23/12/2022,121.9843
26/12/2022,ND
27/12/2022,121.767
28/12/2022,122.02
29/12/2022,121.6713
30/12/2022,121.4392
02/01/2023,ND
03/01/2023,122.0844
04/01/2023,121.5108
05/01/2023,122.0786
06/01/2023,121.0814
09/01/2023,120.1403
10/01/2023,120.234
11/01/2023,120.1445
12/01/2023,119.4108
13/01/2023,119.1422
16/01/2023,ND
17/01/2023,119.2186
18/01/2023,119.08
19/01/2023,119.6033
20/01/2023,119.3588
23/01/2023,119.1671
24/01/2023,119.1174
25/01/2023,118.995
26/01/2023,119.0472
27/01/2023,118.9521
30/01/2023,118.9079
31/01/2023,118.991
01/02/2023,118.6396
02/02/2023,118.349
03/02/2023,119.5014
06/02/2023,120.5116
07/02/2023,120.3298
08/02/2023,120.139
09/02/2023,119.9785
10/02/2023,120.1531
13/02/2023,120.0145
14/02/2023,119.9601
15/02/2023,120.4926
16/02/2023,120.5069
17/02/2023,120.6023
20/02/2023,ND
21/02/2023,120.678
22/02/2023,120.8969
23/02/2023,121.141
24/02/2023,121.6297
27/02/2023,121.4656
28/02/2023,121.4062
01/03/2023,120.6971
02/03/2023,121.1949
03/03/2023,120.8468
06/03/2023,120.5776
07/03/2023,121.531
08/03/2023,121.5222
09/03/2023,121.5225
10/03/2023,121.2963
13/03/2023,120.9157
14/03/2023,121.052
15/03/2023,122.1149
16/03/2023,121.751
17/03/2023,121.5923
20/03/2023,121.0637
21/03/2023,120.9535
22/03/2023,120.6883
23/03/2023,119.8174
24/03/2023,120.5106
27/03/2023,120.3239
28/03/2023,119.7987
29/03/2023,119.8223
30/03/2023,119.5103
31/03/2023,119.4611
03/04/2023,119.4342
04/04/2023,119.2641
05/04/2023,119.4068
06/04/2023,119.4229
07/04/2023,119.4673
10/04/2023,119.8962
11/04/2023,119.6409
12/04/2023,119.1341
13/04/2023,118.5376
14/04/2023,118.983
17/04/2023,119.3981
18/04/2023,119.2345
19/04/2023,119.4377
20/04/2023,119.2525
21/04/2023,119.4472
24/04/2023,119.3486
25/04/2023,119.7551
26/04/2023,119.4758
27/04/2023,119.5754
28/04/2023,119.376
01/05/2023,119.5845
02/05/2023,119.7514
03/05/2023,119.2773
04/05/2023,119.19
05/05/2023,118.7184
08/05/2023,118.7415
09/05/2023,118.984
10/05/2023,118.7561
11/05/2023,119.1902
12/05/2023,119.5206
15/05/2023,119.3288
16/05/2023,119.3567
17/05/2023,119.7849
18/05/2023,120.2642
19/05/2023,119.9479
22/05/2023,120.2609
23/05/2023,120.4913
24/05/2023,120.6481
25/05/2023,121.0126
26/05/2023,120.8022
29/05/2023,ND
30/05/2023,120.7387
31/05/2023,121.1527
01/06/2023,120.2628
02/06/2023,120.2102
05/06/2023,120.2175
06/06/2023,120.1906
07/06/2023,120.0893
08/06/2023,119.8069
09/06/2023,119.6781
12/06/2023,119.889
13/06/2023,119.4641
14/06/2023,119.0646
15/06/2023,118.8447
16/06/2023,118.7168
19/06/2023,ND
20/06/2023,119.2458
21/06/2023,119.0438
22/06/2023,119.074
23/06/2023,119.4584
26/06/2023,119.4123
27/06/2023,119.235
28/06/2023,119.6759
29/06/2023,119.8659
30/06/2023,119.7118
03/07/2023,119.5618
04/07/2023,ND
05/07/2023,119.6971
06/07/2023,120.1579
07/07/2023,119.4293
10/07/2023,119.3179
11/07/2023,119.0891
12/07/2023,118.0104
13/07/2023,117.5569
14/07/2023,117.4209
17/07/2023,117.5139
18/07/2023,117.4145
19/07/2023,117.745
20/07/2023,117.9615
21/07/2023,118.3072
24/07/2023,118.1812
25/07/2023,118.1978
26/07/2023,118.1097
27/07/2023,118.2497
28/07/2023,118.1429
31/07/2023,118.1738
01/08/2023,118.9156
02/08/2023,119.4622
03/08/2023,119.7123
04/08/2023,119.1684
07/08/2023,119.4297
08/08/2023,119.987
09/08/2023,119.8273
10/08/2023,119.5248
11/08/2023,119.9929
14/08/2023,120.4451
15/08/2023,120.5927
16/08/2023,120.7308
17/08/2023,120.8924
18/08/2023,120.7937
21/08/2023,120.8271
22/08/2023,120.7274
23/08/2023,120.4036
24/08/2023,120.5987
25/08/2023,120.8752
28/08/2023,120.687
29/08/2023,120.6383
30/08/2023,120.187
31/08/2023,120.5882
01/09/2023,121.1011
04/09/2023,ND
05/09/2023,121.7785
06/09/2023,122.2029
07/09/2023,122.2903
08/09/2023,122.2933
11/09/2023,121.6757
12/09/2023,121.6301
13/09/2023,121.3981
14/09/2023,121.5744
15/09/2023,121.5361
18/09/2023,121.5414
19/09/2023,121.5175
20/09/2023,121.32
21/09/2023,121.8972
22/09/2023,121.8735
25/09/2023,122.4445
26/09/2023,122.795
27/09/2023,123.2947
28/09/2023,122.8562
29/09/2023,122.6332
02/10/2023,123.3573
03/10/2023,124.0624
04/10/2023,123.8848
05/10/2023,124.1752
06/10/2023,123.6561
09/10/2023,ND
10/10/2023,123.2437
11/10/2023,123.092
12/10/2023,123.5087
13/10/2023,123.8788
16/10/2023,123.621
17/10/2023,123.4334
18/10/2023,124.1001
19/10/2023,124.0861
20/10/2023,123.9049
23/10/2023,123.5935
24/10/2023,123.9249
25/10/2023,124.069
26/10/2023,124.285
27/10/2023,123.9145
30/10/2023,123.7044
31/10/2023,124.1229
01/11/2023,124.0801
02/11/2023,123.1995
03/11/2023,122.1006
06/11/2023,121.9692
07/11/2023,122.3882
08/11/2023,122.4055
09/11/2023,122.4434
10/11/2023,ND
13/11/2023,122.7389
14/11/2023,121.6865
15/11/2023,121.4035
16/11/2023,121.4953
17/11/2023,121.1657
20/11/2023,120.5653
21/11/2023,120.5182
22/11/2023,120.9757
23/11/2023,ND
24/11/2023,120.5285
27/11/2023,120.4893
28/11/2023,119.9174
29/11/2023,120.1246
30/11/2023,120.5421
01/12/2023,120.2542
04/12/2023,120.7669
05/12/2023,121.0731
06/12/2023,120.8348
07/12/2023,120.8938
08/12/2023,121.0499
11/12/2023,121.2212
12/12/2023,120.9825
13/12/2023,121.4667
14/12/2023,119.8952
15/12/2023,120.062
18/12/2023,120.2386
19/12/2023,119.8116
20/12/2023,119.8872
21/12/2023,119.6721
22/12/2023,119.4214
25/12/2023,ND
26/12/2023,119.2551
27/12/2023,118.8525
28/12/2023,118.762
29/12/2023,118.7686
01/01/2024,ND
02/01/2024,119.6165
03/01/2024,120.0407
04/01/2024,119.9775
05/01/2024,119.7474
08/01/2024,119.6237
09/01/2024,120.0296
10/01/2024,120.1258
11/01/2024,120.2516
12/01/2024,119.9009
15/01/2024,ND
16/01/2024,120.9213
17/01/2024,121.3823
18/01/2024,121.2366
19/01/2024,120.9947
22/01/2024,120.9687
23/01/2024,121.4244
24/01/2024,120.8336
25/01/2024,121.167
26/01/2024,120.9665
29/01/2024,121.1888
30/01/2024,120.9442
31/01/2024,120.7727
01/02/2024,120.6832
02/02/2024,121.2438
05/02/2024,121.6831
06/02/2024,121.3021
07/02/2024,121.2518
08/02/2024,121.4226
09/02/2024,121.3851
12/02/2024,121.2839
13/02/2024,121.8558
14/02/2024,121.7411
15/02/2024,121.5567
16/02/2024,121.4984
19/02/2024,ND
20/02/2024,121.3769
21/02/2024,121.3918
22/02/2024,121.4589
23/02/2024,121.3991
26/02/2024,121.4197
27/02/2024,121.3297
28/02/2024,121.4886
29/02/2024,121.5385
01/03/2024,121.3741
04/03/2024,121.2454
05/03/2024,121.2575
06/03/2024,120.8481
07/03/2024,120.5744
08/03/2024,120.3612
11/03/2024,120.4205
12/03/2024,120.5468
13/03/2024,120.3533
14/03/2024,120.6272
15/03/2024,120.7884
18/03/2024,120.9572
19/03/2024,121.3111
20/03/2024,121.3092
21/03/2024,121.1869
22/03/2024,121.5694
25/03/2024,121.4143
26/03/2024,121.4613
27/03/2024,121.4048
28/03/2024,121.4498
29/03/2024,121.4062
01/04/2024,121.8884
02/04/2024,121.6881
03/04/2024,121.4129
04/04/2024,121.1646
05/04/2024,121.3671
08/04/2024,121.1487
09/04/2024,121.1215
10/04/2024,121.9628
11/04/2024,122.003
12/04/2024,122.6566
15/04/2024,122.7932
16/04/2024,123.4732
17/04/2024,123.375
18/04/2024,123.3481
19/04/2024,123.4459
22/04/2024,123.4011
23/04/2024,123.0779
24/04/2024,123.2398
25/04/2024,123.1916
26/04/2024,123.3004
29/04/2024,122.9074
30/04/2024,123.3446
01/05/2024,123.3776
02/05/2024,122.8047
03/05/2024,122.5056
06/05/2024,122.2529
07/05/2024,122.4588
08/05/2024,122.5562
09/05/2024,122.5322
10/05/2024,122.3898
13/05/2024,122.4068
14/05/2024,122.3094
15/05/2024,121.7471
16/05/2024,121.6189
17/05/2024,121.638
20/05/2024,121.6377
21/05/2024,121.7864
22/05/2024,121.9514
23/05/2024,122.1493
24/05/2024,122.0215
27/05/2024,ND
28/05/2024,121.8382
29/05/2024,122.5535
30/05/2024,122.356
31/05/2024,122.4845
03/06/2024,122.7156
04/06/2024,123.0715
05/06/2024,122.9014
06/06/2024,122.7416
07/06/2024,123.8707
10/06/2024,124.2232
11/06/2024,124.345
12/06/2024,124.1411
13/06/2024,124.3287
14/06/2024,124.4755
17/06/2024,124.5427
18/06/2024,124.2835
19/06/2024,ND
20/06/2024,124.496
21/06/2024,124.4247
24/06/2024,124.0379
25/06/2024,124.26
26/06/2024,124.5696
27/06/2024,124.6406
28/06/2024,124.5172
01/07/2024,124.7723
02/07/2024,124.608
03/07/2024,124.1096
04/07/2024,ND
05/07/2024,123.8192
08/07/2024,123.706
09/07/2024,123.7559
10/07/2024,123.5508
11/07/2024,123.1267
12/07/2024,122.8093
15/07/2024,123.0059
16/07/2024,123.1024
17/07/2024,122.892
18/07/2024,123.1548
19/07/2024,123.5033
22/07/2024,123.5735
23/07/2024,123.7296
24/07/2024,123.8784
25/07/2024,123.8341
26/07/2024,123.9862
29/07/2024,124.4412
30/07/2024,124.576
31/07/2024,123.9223
01/08/2024,124.1551
02/08/2024,123.7169
05/08/2024,123.7919
06/08/2024,123.8794
07/08/2024,123.8126
08/08/2024,123.6961
09/08/2024,123.1964
12/08/2024,123.4942
13/08/2024,123.2819
14/08/2024,122.7057
15/08/2024,122.8791
16/08/2024,122.6944
19/08/2024,122.1762
20/08/2024,122.0677
21/08/2024,122.1407
22/08/2024,122.6371
23/08/2024,121.7525
26/08/2024,121.9678
27/08/2024,122.1318
28/08/2024,122.1586
29/08/2024,122.4706
30/08/2024,122.5582
02/09/2024,ND
03/09/2024,123.0052
04/09/2024,122.7434
05/09/2024,122.6747
06/09/2024,122.7145
09/09/2024,122.9408
10/09/2024,123.2266
11/09/2024,123.0007
12/09/2024,122.684
13/09/2024,121.9128
16/09/2024,121.7684
17/09/2024,121.8724
18/09/2024,121.8295
19/09/2024,121.5773
20/09/2024,121.6673
23/09/2024,121.687
24/09/2024,121.3868
25/09/2024,121.6868
26/09/2024,121.3274
27/09/2024,121.356
30/09/2024,121.5298
01/10/2024,121.9152
02/10/2024,121.8154
03/10/2024,122.3469
04/10/2024,122.4533
07/10/2024,122.6545
08/10/2024,122.9111
09/10/2024,123.1373
10/10/2024,123.3431
11/10/2024,123.2275
14/10/2024,ND
15/10/2024,123.773
16/10/2024,124.1606
17/10/2024,124.3466
18/10/2024,124.1511
21/10/2024,124.7004
22/10/2024,124.6396
23/10/2024,124.9181
24/10/2024,124.743
25/10/2024,124.8418
28/10/2024,125.0385
29/10/2024,125.0952
30/10/2024,125.0444
31/10/2024,125.0247
01/11/2024,125.0403
04/11/2024,124.8168
05/11/2024,124.7803
06/11/2024,125.9311
07/11/2024,125.016
08/11/2024,125.8066
11/11/2024,ND
12/11/2024,126.987
13/11/2024,127.1591
14/11/2024,127.2123
15/11/2024,127.1021
18/11/2024,126.8336
19/11/2024,126.6361
20/11/2024,127.1023
21/11/2024,127.3063
22/11/2024,127.6683
25/11/2024,127.211
26/11/2024,127.6435
27/11/2024,127.0601
28/11/2024,ND
29/11/2024,126.8114
02/12/2024,127.3499
03/12/2024,127.1983
04/12/2024,126.9956
05/12/2024,126.6638
06/12/2024,126.9271
09/12/2024,126.8394
10/12/2024,127.1884
11/12/2024,127.095
12/12/2024,127.2039
13/12/2024,127.5569
16/12/2024,127.5235
17/12/2024,127.7565
18/12/2024,127.8936
19/12/2024,128.8598
20/12/2024,128.1411
23/12/2024,128.5356
24/12/2024,128.5651
25/12/2024,ND
26/12/2024,128.5679
27/12/2024,128.6972
30/12/2024,129.0474
31/12/2024,129.488
01/01/2025,ND
02/01/2025,129.6666
03/01/2025,129.6721
06/01/2025,128.7878
07/01/2025,128.8574
08/01/2025,129.3038
09/01/2025,129.4927
10/01/2025,130.0513
13/01/2025,130.2142
14/01/2025,129.5812
15/01/2025,129.4107
16/01/2025,129.6284
17/01/2025,129.6771
20/01/2025,ND
21/01/2025,128.61
22/01/2025,128.5428
23/01/2025,128.4336
24/01/2025,127.6833
27/01/2025,128.2856
28/01/2025,128.471
29/01/2025,128.5324
30/01/2025,128.2958
31/01/2025,128.6686
